{
  "Messages": [
    {
      "Type": 0,
      "Text": "[Unity.TextMeshPro] - System.Void TMPro.TextMeshPro::GenerateTextMesh() - Method was given it\u0027s own cpp file because it is large and costly to compile"
    },
    {
      "Type": 0,
      "Text": "[Unity.TextMeshPro] - System.Void TMPro.TextMeshProUGUI::GenerateTextMesh() - Method was given it\u0027s own cpp file because it is large and costly to compile"
    },
    {
      "Type": 0,
      "Text": "[Unity.TextMeshPro] - System.Void TMPro.TMP_TextParsingUtilities::.cctor() - Method was given it\u0027s own cpp file because it is large and costly to compile"
    },
    {
      "Type": 0,
      "Text": "[Unity.TextMeshPro] - System.Void TMPro.TextMeshPro::GenerateTextMesh() - High Variable Count of 218"
    },
    {
      "Type": 0,
      "Text": "[Unity.TextMeshPro] - System.Void TMPro.TextMeshPro::GenerateTextMesh() - High Instruction Count of 9724"
    },
    {
      "Type": 0,
      "Text": "[Unity.TextMeshPro] - System.Void TMPro.TextMeshPro::GenerateTextMesh() - High CodeSize of 29894"
    },
    {
      "Type": 0,
      "Text": "[Unity.TextMeshPro] - System.Void TMPro.TextMeshProUGUI::GenerateTextMesh() - High Variable Count of 223"
    },
    {
      "Type": 0,
      "Text": "[Unity.TextMeshPro] - System.Void TMPro.TextMeshProUGUI::GenerateTextMesh() - High Instruction Count of 9815"
    },
    {
      "Type": 0,
      "Text": "[Unity.TextMeshPro] - System.Void TMPro.TextMeshProUGUI::GenerateTextMesh() - High CodeSize of 30173"
    },
    {
      "Type": 0,
      "Text": "[Unity.TextMeshPro] - System.Void TMPro.TMP_TextParsingUtilities::.cctor() - High Instruction Count of 10579"
    },
    {
      "Type": 0,
      "Text": "[Unity.TextMeshPro] - System.Void TMPro.TMP_TextParsingUtilities::.cctor() - High CodeSize of 31711"
    },
    {
      "Type": 0,
      "Text": "[UnityEngine.TextCoreTextEngineModule] - System.Boolean UnityEngine.TextCore.Text.TextGenerator::ValidateHtmlTag(UnityEngine.TextCore.Text.TextProcessingElement[],System.Int32,System.Int32\u0026,UnityEngine.TextCore.Text.TextGenerationSettings,UnityEngine.TextCore.Text.TextInfo,System.Boolean\u0026) - High Variable Count of 250"
    },
    {
      "Type": 0,
      "Text": "[UnityEngine.TextCoreTextEngineModule] - System.Boolean UnityEngine.TextCore.Text.TextGenerator::ValidateHtmlTag(UnityEngine.TextCore.Text.TextProcessingElement[],System.Int32,System.Int32\u0026,UnityEngine.TextCore.Text.TextGenerationSettings,UnityEngine.TextCore.Text.TextInfo,System.Boolean\u0026) - High Instruction Count of 6305"
    },
    {
      "Type": 0,
      "Text": "[UnityEngine.TextCoreTextEngineModule] - System.Boolean UnityEngine.TextCore.Text.TextGenerator::ValidateHtmlTag(UnityEngine.TextCore.Text.TextProcessingElement[],System.Int32,System.Int32\u0026,UnityEngine.TextCore.Text.TextGenerationSettings,UnityEngine.TextCore.Text.TextInfo,System.Boolean\u0026) - High CodeSize of 17778"
    },
    {
      "Type": 0,
      "Text": "[UnityEngine.TextCoreTextEngineModule] - System.Void UnityEngine.TextCore.Text.TextGenerator::ParsingPhase(UnityEngine.TextCore.Text.TextInfo,UnityEngine.TextCore.Text.TextGenerationSettings,System.UInt32\u0026,System.Single\u0026) - High Variable Count of 305"
    },
    {
      "Type": 0,
      "Text": "[UnityEngine.TextCoreTextEngineModule] - System.Void UnityEngine.TextCore.Text.TextGenerator::ParsingPhase(UnityEngine.TextCore.Text.TextInfo,UnityEngine.TextCore.Text.TextGenerationSettings,System.UInt32\u0026,System.Single\u0026) - High Instruction Count of 5866"
    },
    {
      "Type": 0,
      "Text": "[UnityEngine.TextCoreTextEngineModule] - System.Void UnityEngine.TextCore.Text.TextGenerator::ParsingPhase(UnityEngine.TextCore.Text.TextInfo,UnityEngine.TextCore.Text.TextGenerationSettings,System.UInt32\u0026,System.Single\u0026) - High CodeSize of 15252"
    },
    {
      "Type": 0,
      "Text": "[UnityEngine.TextCoreTextEngineModule] - UnityEngine.Vector2 UnityEngine.TextCore.Text.TextGenerator::CalculatePreferredValues(System.Single\u0026,UnityEngine.Vector2,System.Boolean,UnityEngine.TextCore.Text.TextGenerationSettings,UnityEngine.TextCore.Text.TextInfo) - High Variable Count of 212"
    },
    {
      "Type": 0,
      "Text": "[Unity.InputSystem] - System.Void UnityEngine.InputSystem.FastTouchscreen::.ctor() - High Variable Count of 315"
    }
  ],
  "CommandLine": "--convert-to-cpp --assembly=Library/Bee/artifacts/Android/ManagedStripped/Assembly-CSharp.dll --assembly=Library/Bee/artifacts/Android/ManagedStripped/Mono.Security.dll --assembly=Library/Bee/artifacts/Android/ManagedStripped/mscorlib.dll --assembly=Library/Bee/artifacts/Android/ManagedStripped/System.Configuration.dll --assembly=Library/Bee/artifacts/Android/ManagedStripped/System.Core.dll --assembly=Library/Bee/artifacts/Android/ManagedStripped/System.dll --assembly=Library/Bee/artifacts/Android/ManagedStripped/System.Xml.dll --assembly=Library/Bee/artifacts/Android/ManagedStripped/Unity.2D.Animation.Runtime.dll --assembly=Library/Bee/artifacts/Android/ManagedStripped/Unity.2D.Common.Runtime.dll --assembly=Library/Bee/artifacts/Android/ManagedStripped/Unity.2D.SpriteShape.Runtime.dll --assembly=Library/Bee/artifacts/Android/ManagedStripped/Unity.Burst.dll --assembly=Library/Bee/artifacts/Android/ManagedStripped/Unity.Burst.Unsafe.dll --assembly=Library/Bee/artifacts/Android/ManagedStripped/Unity.Collections.dll --assembly=Library/Bee/artifacts/Android/ManagedStripped/Unity.Collections.LowLevel.ILSupport.dll --assembly=Library/Bee/artifacts/Android/ManagedStripped/Unity.InputSystem.dll --assembly=Library/Bee/artifacts/Android/ManagedStripped/Unity.InputSystem.ForUI.dll --assembly=Library/Bee/artifacts/Android/ManagedStripped/Unity.InternalAPIEngineBridge.001.dll --assembly=Library/Bee/artifacts/Android/ManagedStripped/Unity.Mathematics.dll --assembly=Library/Bee/artifacts/Android/ManagedStripped/Unity.RenderPipeline.Universal.ShaderLibrary.dll --assembly=Library/Bee/artifacts/Android/ManagedStripped/Unity.RenderPipelines.Core.Runtime.dll --assembly=Library/Bee/artifacts/Android/ManagedStripped/Unity.RenderPipelines.Core.Runtime.Shared.dll --assembly=Library/Bee/artifacts/Android/ManagedStripped/Unity.RenderPipelines.GPUDriven.Runtime.dll --assembly=Library/Bee/artifacts/Android/ManagedStripped/Unity.RenderPipelines.Universal.2D.Runtime.dll --assembly=Library/Bee/artifacts/Android/ManagedStripped/Unity.RenderPipelines.Universal.Runtime.dll --assembly=Library/Bee/artifacts/Android/ManagedStripped/Unity.TextMeshPro.dll --assembly=Library/Bee/artifacts/Android/ManagedStripped/UnityEngine.AIModule.dll --assembly=Library/Bee/artifacts/Android/ManagedStripped/UnityEngine.AndroidJNIModule.dll --assembly=Library/Bee/artifacts/Android/ManagedStripped/UnityEngine.AnimationModule.dll --assembly=Library/Bee/artifacts/Android/ManagedStripped/UnityEngine.AudioModule.dll --assembly=Library/Bee/artifacts/Android/ManagedStripped/UnityEngine.CoreModule.dll --assembly=Library/Bee/artifacts/Android/ManagedStripped/UnityEngine.dll --assembly=Library/Bee/artifacts/Android/ManagedStripped/UnityEngine.GridModule.dll --assembly=Library/Bee/artifacts/Android/ManagedStripped/UnityEngine.HierarchyCoreModule.dll --assembly=Library/Bee/artifacts/Android/ManagedStripped/UnityEngine.IMGUIModule.dll --assembly=Library/Bee/artifacts/Android/ManagedStripped/UnityEngine.InputForUIModule.dll --assembly=Library/Bee/artifacts/Android/ManagedStripped/UnityEngine.InputLegacyModule.dll --assembly=Library/Bee/artifacts/Android/ManagedStripped/UnityEngine.InputModule.dll --assembly=Library/Bee/artifacts/Android/ManagedStripped/UnityEngine.JSONSerializeModule.dll --assembly=Library/Bee/artifacts/Android/ManagedStripped/UnityEngine.ParticleSystemModule.dll --assembly=Library/Bee/artifacts/Android/ManagedStripped/UnityEngine.Physics2DModule.dll --assembly=Library/Bee/artifacts/Android/ManagedStripped/UnityEngine.PhysicsModule.dll --assembly=Library/Bee/artifacts/Android/ManagedStripped/UnityEngine.PropertiesModule.dll --assembly=Library/Bee/artifacts/Android/ManagedStripped/UnityEngine.SharedInternalsModule.dll --assembly=Library/Bee/artifacts/Android/ManagedStripped/UnityEngine.SpriteMaskModule.dll --assembly=Library/Bee/artifacts/Android/ManagedStripped/UnityEngine.SpriteShapeModule.dll --assembly=Library/Bee/artifacts/Android/ManagedStripped/UnityEngine.SubsystemsModule.dll --assembly=Library/Bee/artifacts/Android/ManagedStripped/UnityEngine.TerrainModule.dll --assembly=Library/Bee/artifacts/Android/ManagedStripped/UnityEngine.TextCoreFontEngineModule.dll --assembly=Library/Bee/artifacts/Android/ManagedStripped/UnityEngine.TextCoreTextEngineModule.dll --assembly=Library/Bee/artifacts/Android/ManagedStripped/UnityEngine.TextRenderingModule.dll --assembly=Library/Bee/artifacts/Android/ManagedStripped/UnityEngine.TilemapModule.dll --assembly=Library/Bee/artifacts/Android/ManagedStripped/UnityEngine.UI.dll --assembly=Library/Bee/artifacts/Android/ManagedStripped/UnityEngine.UIElementsModule.dll --assembly=Library/Bee/artifacts/Android/ManagedStripped/UnityEngine.UIModule.dll --assembly=Library/Bee/artifacts/Android/ManagedStripped/UnityEngine.UnityAnalyticsCommonModule.dll --assembly=Library/Bee/artifacts/Android/ManagedStripped/UnityEngine.UnityAnalyticsModule.dll --assembly=Library/Bee/artifacts/Android/ManagedStripped/UnityEngine.UnityConsentModule.dll --assembly=Library/Bee/artifacts/Android/ManagedStripped/UnityEngine.UnityWebRequestModule.dll --assembly=Library/Bee/artifacts/Android/ManagedStripped/UnityEngine.VFXModule.dll --assembly=Library/Bee/artifacts/Android/ManagedStripped/UnityEngine.VRModule.dll --assembly=Library/Bee/artifacts/Android/ManagedStripped/UnityEngine.XRModule.dll --generatedcppdir=C:/Users/ajkar/GnomesWell1/Library/Bee/artifacts/Android/il2cppOutput/cpp --symbols-folder=C:/Users/ajkar/GnomesWell1/Library/Bee/artifacts/Android/il2cppOutput/cpp/Symbols --enable-analytics --emit-null-checks --enable-array-bounds-check --dotnetprofile=unityaot-linux --usymtool-path=C:/Program Files/Unity/Hub/Editor/6000.2.2f1/Editor/Data\\Tools\\usymtool.exe --profiler-report --profiler-output-file=C:/Users/ajkar/GnomesWell1/Library/Bee/artifacts/il2cpp_conv_4zzf.traceevents --print-command-line --static-lib-il2-cpp --data-folder=C:/Users/ajkar/GnomesWell1/Library/Bee/artifacts/Android/il2cppOutput/data --emit-source-mapping"
}