{"BeeBuildProgramCommon.Data.ConfigurationData":{"Il2CppDir":"C:\\Program Files\\Unity\\Hub\\Editor\\6000.2.2f1\\Editor\\Data\\il2cpp","UnityLinkerPath":"C:\\Program Files\\Unity\\Hub\\Editor\\6000.2.2f1\\Editor\\Data\\il2cpp/build/deploy/UnityLinker.exe","Il2CppPath":"C:\\Program Files\\Unity\\Hub\\Editor\\6000.2.2f1\\Editor\\Data\\il2cpp/build/deploy/il2cpp.exe","NetCoreRunPath":"C:/Program Files/Unity/Hub/Editor/6000.2.2f1/Editor/Data\\Tools\\netcorerun\\netcorerun.exe","DotNetExe":"C:/Program Files/Unity/Hub/Editor/6000.2.2f1/Editor/Data/NetCoreRuntime/dotnet.exe","EditorContentsPath":"C:/Program Files/Unity/Hub/Editor/6000.2.2f1/Editor/Data","Packages":[{"Name":"com.unity.2d.animation","ResolvedPath":"Library/PackageCache/com.unity.2d.animation@34e0443c58ed"},{"Name":"com.unity.2d.aseprite","ResolvedPath":"Library/PackageCache/com.unity.2d.aseprite@f6e7e126ac6d"},{"Name":"com.unity.2d.psdimporter","ResolvedPath":"Library/PackageCache/com.unity.2d.psdimporter@0adcab25a8fd"},{"Name":"com.unity.2d.sprite","ResolvedPath":"Library/PackageCache/com.unity.2d.sprite@331abd9a1e2f"},{"Name":"com.unity.2d.spriteshape","ResolvedPath":"Library/PackageCache/com.unity.2d.spriteshape@1d246726c231"},{"Name":"com.unity.2d.tilemap","ResolvedPath":"Library/PackageCache/com.unity.2d.tilemap@ba4a6b72f451"},{"Name":"com.unity.2d.tilemap.extras","ResolvedPath":"Library/PackageCache/com.unity.2d.tilemap.extras@2338d989ff2a"},{"Name":"com.unity.collab-proxy","ResolvedPath":"Library/PackageCache/com.unity.collab-proxy@ab839cc7d2ad"},{"Name":"com.unity.device-simulator.devices","ResolvedPath":"Library/PackageCache/com.unity.device-simulator.devices@ae8874e9c898"},{"Name":"com.unity.ide.rider","ResolvedPath":"Library/PackageCache/com.unity.ide.rider@4d374c7eb6db"},{"Name":"com.unity.ide.visualstudio","ResolvedPath":"Library/PackageCache/com.unity.ide.visualstudio@198cdf337d13"},{"Name":"com.unity.inputsystem","ResolvedPath":"Library/PackageCache/com.unity.inputsystem@be6c4fd0abf5"},{"Name":"com.unity.multiplayer.center","ResolvedPath":"Library/PackageCache/com.unity.multiplayer.center@f3fb577b3546"},{"Name":"com.unity.render-pipelines.universal","ResolvedPath":"Library/PackageCache/com.unity.render-pipelines.universal@a2829103b3d4"},{"Name":"com.unity.test-framework","ResolvedPath":"Library/PackageCache/com.unity.test-framework@a6f5be5f149c"},{"Name":"com.unity.timeline","ResolvedPath":"Library/PackageCache/com.unity.timeline@6b9e48457ddb"},{"Name":"com.unity.ugui","ResolvedPath":"Library/PackageCache/com.unity.ugui@754dbde2be27"},{"Name":"com.unity.visualscripting","ResolvedPath":"Library/PackageCache/com.unity.visualscripting@6279e2b7c485"},{"Name":"com.unity.modules.accessibility","ResolvedPath":"C:/Program Files/Unity/Hub/Editor/6000.2.2f1/Editor/Data/Resources/PackageManager/BuiltInPackages/com.unity.modules.accessibility"},{"Name":"com.unity.modules.ai","ResolvedPath":"C:/Program Files/Unity/Hub/Editor/6000.2.2f1/Editor/Data/Resources/PackageManager/BuiltInPackages/com.unity.modules.ai"},{"Name":"com.unity.modules.androidjni","ResolvedPath":"C:/Program Files/Unity/Hub/Editor/6000.2.2f1/Editor/Data/Resources/PackageManager/BuiltInPackages/com.unity.modules.androidjni"},{"Name":"com.unity.modules.animation","ResolvedPath":"C:/Program Files/Unity/Hub/Editor/6000.2.2f1/Editor/Data/Resources/PackageManager/BuiltInPackages/com.unity.modules.animation"},{"Name":"com.unity.modules.assetbundle","ResolvedPath":"C:/Program Files/Unity/Hub/Editor/6000.2.2f1/Editor/Data/Resources/PackageManager/BuiltInPackages/com.unity.modules.assetbundle"},{"Name":"com.unity.modules.audio","ResolvedPath":"C:/Program Files/Unity/Hub/Editor/6000.2.2f1/Editor/Data/Resources/PackageManager/BuiltInPackages/com.unity.modules.audio"},{"Name":"com.unity.modules.cloth","ResolvedPath":"C:/Program Files/Unity/Hub/Editor/6000.2.2f1/Editor/Data/Resources/PackageManager/BuiltInPackages/com.unity.modules.cloth"},{"Name":"com.unity.modules.director","ResolvedPath":"C:/Program Files/Unity/Hub/Editor/6000.2.2f1/Editor/Data/Resources/PackageManager/BuiltInPackages/com.unity.modules.director"},{"Name":"com.unity.modules.imageconversion","ResolvedPath":"C:/Program Files/Unity/Hub/Editor/6000.2.2f1/Editor/Data/Resources/PackageManager/BuiltInPackages/com.unity.modules.imageconversion"},{"Name":"com.unity.modules.imgui","ResolvedPath":"C:/Program Files/Unity/Hub/Editor/6000.2.2f1/Editor/Data/Resources/PackageManager/BuiltInPackages/com.unity.modules.imgui"},{"Name":"com.unity.modules.jsonserialize","ResolvedPath":"C:/Program Files/Unity/Hub/Editor/6000.2.2f1/Editor/Data/Resources/PackageManager/BuiltInPackages/com.unity.modules.jsonserialize"},{"Name":"com.unity.modules.particlesystem","ResolvedPath":"C:/Program Files/Unity/Hub/Editor/6000.2.2f1/Editor/Data/Resources/PackageManager/BuiltInPackages/com.unity.modules.particlesystem"},{"Name":"com.unity.modules.physics","ResolvedPath":"C:/Program Files/Unity/Hub/Editor/6000.2.2f1/Editor/Data/Resources/PackageManager/BuiltInPackages/com.unity.modules.physics"},{"Name":"com.unity.modules.physics2d","ResolvedPath":"C:/Program Files/Unity/Hub/Editor/6000.2.2f1/Editor/Data/Resources/PackageManager/BuiltInPackages/com.unity.modules.physics2d"},{"Name":"com.unity.modules.screencapture","ResolvedPath":"C:/Program Files/Unity/Hub/Editor/6000.2.2f1/Editor/Data/Resources/PackageManager/BuiltInPackages/com.unity.modules.screencapture"},{"Name":"com.unity.modules.terrain","ResolvedPath":"C:/Program Files/Unity/Hub/Editor/6000.2.2f1/Editor/Data/Resources/PackageManager/BuiltInPackages/com.unity.modules.terrain"},{"Name":"com.unity.modules.terrainphysics","ResolvedPath":"C:/Program Files/Unity/Hub/Editor/6000.2.2f1/Editor/Data/Resources/PackageManager/BuiltInPackages/com.unity.modules.terrainphysics"},{"Name":"com.unity.modules.tilemap","ResolvedPath":"C:/Program Files/Unity/Hub/Editor/6000.2.2f1/Editor/Data/Resources/PackageManager/BuiltInPackages/com.unity.modules.tilemap"},{"Name":"com.unity.modules.ui","ResolvedPath":"C:/Program Files/Unity/Hub/Editor/6000.2.2f1/Editor/Data/Resources/PackageManager/BuiltInPackages/com.unity.modules.ui"},{"Name":"com.unity.modules.uielements","ResolvedPath":"C:/Program Files/Unity/Hub/Editor/6000.2.2f1/Editor/Data/Resources/PackageManager/BuiltInPackages/com.unity.modules.uielements"},{"Name":"com.unity.modules.umbra","ResolvedPath":"C:/Program Files/Unity/Hub/Editor/6000.2.2f1/Editor/Data/Resources/PackageManager/BuiltInPackages/com.unity.modules.umbra"},{"Name":"com.unity.modules.unityanalytics","ResolvedPath":"C:/Program Files/Unity/Hub/Editor/6000.2.2f1/Editor/Data/Resources/PackageManager/BuiltInPackages/com.unity.modules.unityanalytics"},{"Name":"com.unity.modules.unitywebrequest","ResolvedPath":"C:/Program Files/Unity/Hub/Editor/6000.2.2f1/Editor/Data/Resources/PackageManager/BuiltInPackages/com.unity.modules.unitywebrequest"},{"Name":"com.unity.modules.unitywebrequestassetbundle","ResolvedPath":"C:/Program Files/Unity/Hub/Editor/6000.2.2f1/Editor/Data/Resources/PackageManager/BuiltInPackages/com.unity.modules.unitywebrequestassetbundle"},{"Name":"com.unity.modules.unitywebrequestaudio","ResolvedPath":"C:/Program Files/Unity/Hub/Editor/6000.2.2f1/Editor/Data/Resources/PackageManager/BuiltInPackages/com.unity.modules.unitywebrequestaudio"},{"Name":"com.unity.modules.unitywebrequesttexture","ResolvedPath":"C:/Program Files/Unity/Hub/Editor/6000.2.2f1/Editor/Data/Resources/PackageManager/BuiltInPackages/com.unity.modules.unitywebrequesttexture"},{"Name":"com.unity.modules.unitywebrequestwww","ResolvedPath":"C:/Program Files/Unity/Hub/Editor/6000.2.2f1/Editor/Data/Resources/PackageManager/BuiltInPackages/com.unity.modules.unitywebrequestwww"},{"Name":"com.unity.modules.vehicles","ResolvedPath":"C:/Program Files/Unity/Hub/Editor/6000.2.2f1/Editor/Data/Resources/PackageManager/BuiltInPackages/com.unity.modules.vehicles"},{"Name":"com.unity.modules.video","ResolvedPath":"C:/Program Files/Unity/Hub/Editor/6000.2.2f1/Editor/Data/Resources/PackageManager/BuiltInPackages/com.unity.modules.video"},{"Name":"com.unity.modules.vr","ResolvedPath":"C:/Program Files/Unity/Hub/Editor/6000.2.2f1/Editor/Data/Resources/PackageManager/BuiltInPackages/com.unity.modules.vr"},{"Name":"com.unity.modules.wind","ResolvedPath":"C:/Program Files/Unity/Hub/Editor/6000.2.2f1/Editor/Data/Resources/PackageManager/BuiltInPackages/com.unity.modules.wind"},{"Name":"com.unity.modules.xr","ResolvedPath":"C:/Program Files/Unity/Hub/Editor/6000.2.2f1/Editor/Data/Resources/PackageManager/BuiltInPackages/com.unity.modules.xr"},{"Name":"com.unity.modules.subsystems","ResolvedPath":"C:/Program Files/Unity/Hub/Editor/6000.2.2f1/Editor/Data/Resources/PackageManager/BuiltInPackages/com.unity.modules.subsystems"},{"Name":"com.unity.modules.hierarchycore","ResolvedPath":"C:/Program Files/Unity/Hub/Editor/6000.2.2f1/Editor/Data/Resources/PackageManager/BuiltInPackages/com.unity.modules.hierarchycore"},{"Name":"com.unity.ext.nunit","ResolvedPath":"Library/PackageCache/com.unity.ext.nunit@031a54704bff"},{"Name":"com.unity.render-pipelines.core","ResolvedPath":"Library/PackageCache/com.unity.render-pipelines.core@5e056b397fc0"},{"Name":"com.unity.shadergraph","ResolvedPath":"Library/PackageCache/com.unity.shadergraph@287dd3fa176c"},{"Name":"com.unity.render-pipelines.universal-config","ResolvedPath":"Library/PackageCache/com.unity.render-pipelines.universal-config@8dc1aab4af1d"},{"Name":"com.unity.2d.common","ResolvedPath":"Library/PackageCache/com.unity.2d.common@dd402daace1b"},{"Name":"com.unity.mathematics","ResolvedPath":"Library/PackageCache/com.unity.mathematics@8017b507cc74"},{"Name":"com.unity.collections","ResolvedPath":"Library/PackageCache/com.unity.collections@d49facba0036"},{"Name":"com.unity.searcher","ResolvedPath":"Library/PackageCache/com.unity.searcher@1e17ce91558d"},{"Name":"com.unity.burst","ResolvedPath":"Library/PackageCache/com.unity.burst@f7a407abf4d5"},{"Name":"com.unity.rendering.light-transport","ResolvedPath":"Library/PackageCache/com.unity.rendering.light-transport@2c9279f90d7c"},{"Name":"com.unity.nuget.mono-cecil","ResolvedPath":"Library/PackageCache/com.unity.nuget.mono-cecil@d78732e851eb"},{"Name":"com.unity.test-framework.performance","ResolvedPath":"Library/PackageCache/com.unity.test-framework.performance@92d1d09a72ed"}],"UnityVersion":"6000.2.2f1","UnityVersionNumeric":{"Release":6000,"Major":2,"Minor":2},"Batchmode":false,"EmitDataForBeeWhy":false,"NamedPipeOrUnixSocket":"unity-ilpp-c9d1c57cc3e313784515be95b7ed70a6"},"ScriptCompilationBuildProgram.Data.ScriptCompilationData":{"Assemblies":[],"DotnetRuntimePath":"C:/Program Files/Unity/Hub/Editor/6000.2.2f1/Editor/Data/NetCoreRuntime","DotnetRoslynPath":"C:/Program Files/Unity/Hub/Editor/6000.2.2f1/Editor/Data/DotNetSdkRoslyn","MovedFromExtractorPath":"C:/Program Files/Unity/Hub/Editor/6000.2.2f1/Editor/Data/Tools/Compilation/ApiUpdater/ApiUpdater.MovedFromExtractor.dll","OutputDirectory":"Library/ScriptAssemblies","Debug":false,"BuildTarget":"Android","Localization":"en-US","BuildPlayerDataOutput":"Library/BuildPlayerData/Editor","ExtractRuntimeInitializeOnLoads":false,"EnableDiagnostics":false,"EmitInfoForScriptUpdater":true,"AssembliesToScanForTypeDB":["Library/ScriptAssemblies/Assembly-CSharp.dll","Library/ScriptAssemblies/Unity.2D.Animation.Runtime.dll","Library/ScriptAssemblies/Unity.2D.Common.Runtime.dll","Library/ScriptAssemblies/Unity.2D.IK.Runtime.dll","Library/ScriptAssemblies/Unity.2D.SpriteShape.Runtime.dll","Library/ScriptAssemblies/Unity.2D.Tilemap.Extras.dll","Library/ScriptAssemblies/Unity.Burst.dll","Library/ScriptAssemblies/Unity.Collections.dll","Library/ScriptAssemblies/Unity.InputSystem.dll","Library/ScriptAssemblies/Unity.InputSystem.ForUI.dll","Library/ScriptAssemblies/Unity.InputSystem.TestFramework.dll","Library/ScriptAssemblies/Unity.InternalAPIEngineBridge.001.dll","Library/ScriptAssemblies/Unity.Mathematics.dll","Library/ScriptAssemblies/Unity.Multiplayer.Center.Common.dll","Library/ScriptAssemblies/Unity.PerformanceTesting.dll","Library/ScriptAssemblies/Unity.Rendering.LightTransport.Runtime.dll","Library/ScriptAssemblies/Unity.RenderPipeline.Universal.ShaderLibrary.dll","Library/ScriptAssemblies/Unity.RenderPipelines.Core.Runtime.dll","Library/ScriptAssemblies/Unity.RenderPipelines.Core.Runtime.Shared.dll","Library/ScriptAssemblies/Unity.RenderPipelines.Core.ShaderLibrary.dll","Library/ScriptAssemblies/Unity.RenderPipelines.GPUDriven.Runtime.dll","Library/ScriptAssemblies/Unity.RenderPipelines.ShaderGraph.ShaderGraphLibrary.dll","Library/ScriptAssemblies/Unity.RenderPipelines.Universal.2D.Runtime.dll","Library/ScriptAssemblies/Unity.RenderPipelines.Universal.Config.Runtime.dll","Library/ScriptAssemblies/Unity.RenderPipelines.Universal.Runtime.dll","Library/ScriptAssemblies/Unity.RenderPipelines.Universal.Shaders.dll","Library/ScriptAssemblies/Unity.TextMeshPro.dll","Library/ScriptAssemblies/Unity.Timeline.dll","Library/ScriptAssemblies/Unity.VisualScripting.Core.dll","Library/ScriptAssemblies/Unity.VisualScripting.Flow.dll","Library/ScriptAssemblies/Unity.VisualScripting.State.dll","Library/ScriptAssemblies/UnityEngine.TestRunner.dll","Library/ScriptAssemblies/UnityEngine.UI.dll","Packages/com.unity.burst/Unity.Burst.CodeGen/Unity.Burst.Cecil.dll","Packages/com.unity.burst/Unity.Burst.CodeGen/Unity.Burst.Cecil.Mdb.dll","Packages/com.unity.burst/Unity.Burst.CodeGen/Unity.Burst.Cecil.Pdb.dll","Packages/com.unity.burst/Unity.Burst.CodeGen/Unity.Burst.Cecil.Rocks.dll","Packages/com.unity.burst/Unity.Burst.Unsafe.dll","Packages/com.unity.collections/Unity.Collections.LowLevel.ILSupport/Unity.Collections.LowLevel.ILSupport.dll","Packages/com.unity.collections/Unity.Collections.Tests/System.IO.Hashing/System.IO.Hashing.dll","Packages/com.unity.collections/Unity.Collections.Tests/System.Runtime.CompilerServices.Unsafe/System.Runtime.CompilerServices.Unsafe.dll","Packages/com.unity.ext.nunit/net40/unity-custom/nunit.framework.dll","Packages/com.unity.nuget.mono-cecil/Mono.Cecil.dll","Packages/com.unity.nuget.mono-cecil/Mono.Cecil.Mdb.dll","Packages/com.unity.nuget.mono-cecil/Mono.Cecil.Pdb.dll","Packages/com.unity.nuget.mono-cecil/Mono.Cecil.Rocks.dll","Packages/com.unity.visualscripting/Runtime/VisualScripting.Flow/Dependencies/NCalc/Unity.VisualScripting.Antlr3.Runtime.dll"],"SearchPaths":["C:\\Program Files\\Unity\\Hub\\Editor\\6000.2.2f1\\Editor\\Data\\Managed\\UnityEngine","C:\\Program Files\\Unity\\Hub\\Editor\\6000.2.2f1\\Editor\\Data\\NetStandard\\compat\\2.1.0\\shims\\netfx","C:\\Program Files\\Unity\\Hub\\Editor\\6000.2.2f1\\Editor\\Data\\NetStandard\\compat\\2.1.0\\shims\\netstandard","C:\\Program Files\\Unity\\Hub\\Editor\\6000.2.2f1\\Editor\\Data\\NetStandard\\EditorExtensions","C:\\Program Files\\Unity\\Hub\\Editor\\6000.2.2f1\\Editor\\Data\\NetStandard\\Extensions\\2.0.0","C:\\Program Files\\Unity\\Hub\\Editor\\6000.2.2f1\\Editor\\Data\\NetStandard\\ref\\2.1.0","Library/ScriptAssemblies","Packages/com.unity.burst","Packages/com.unity.burst/Unity.Burst.CodeGen","Packages/com.unity.collections/Unity.Collections.LowLevel.ILSupport","Packages/com.unity.collections/Unity.Collections.Tests/System.IO.Hashing","Packages/com.unity.collections/Unity.Collections.Tests/System.Runtime.CompilerServices.Unsafe","Packages/com.unity.ext.nunit/net40/unity-custom","Packages/com.unity.nuget.mono-cecil","Packages/com.unity.visualscripting/Runtime/VisualScripting.Flow/Dependencies/NCalc"]}}