{"BeeBuildProgramCommon.Data.ConfigurationData":{"Il2CppDir":"C:\\Program Files\\Unity\\Hub\\Editor\\6000.2.2f1\\Editor\\Data\\il2cpp","UnityLinkerPath":"C:\\Program Files\\Unity\\Hub\\Editor\\6000.2.2f1\\Editor\\Data\\il2cpp/build/deploy/UnityLinker.exe","Il2CppPath":"C:\\Program Files\\Unity\\Hub\\Editor\\6000.2.2f1\\Editor\\Data\\il2cpp/build/deploy/il2cpp.exe","NetCoreRunPath":"C:/Program Files/Unity/Hub/Editor/6000.2.2f1/Editor/Data\\Tools\\netcorerun\\netcorerun.exe","DotNetExe":"C:/Program Files/Unity/Hub/Editor/6000.2.2f1/Editor/Data/NetCoreRuntime/dotnet.exe","EditorContentsPath":"C:/Program Files/Unity/Hub/Editor/6000.2.2f1/Editor/Data","Packages":[{"Name":"com.unity.2d.animation","ResolvedPath":"Library/PackageCache/com.unity.2d.animation@34e0443c58ed"},{"Name":"com.unity.2d.aseprite","ResolvedPath":"Library/PackageCache/com.unity.2d.aseprite@f6e7e126ac6d"},{"Name":"com.unity.2d.psdimporter","ResolvedPath":"Library/PackageCache/com.unity.2d.psdimporter@0adcab25a8fd"},{"Name":"com.unity.2d.sprite","ResolvedPath":"Library/PackageCache/com.unity.2d.sprite@331abd9a1e2f"},{"Name":"com.unity.2d.spriteshape","ResolvedPath":"Library/PackageCache/com.unity.2d.spriteshape@1d246726c231"},{"Name":"com.unity.2d.tilemap","ResolvedPath":"Library/PackageCache/com.unity.2d.tilemap@ba4a6b72f451"},{"Name":"com.unity.2d.tilemap.extras","ResolvedPath":"Library/PackageCache/com.unity.2d.tilemap.extras@2338d989ff2a"},{"Name":"com.unity.collab-proxy","ResolvedPath":"Library/PackageCache/com.unity.collab-proxy@ab839cc7d2ad"},{"Name":"com.unity.device-simulator.devices","ResolvedPath":"Library/PackageCache/com.unity.device-simulator.devices@ae8874e9c898"},{"Name":"com.unity.ide.rider","ResolvedPath":"Library/PackageCache/com.unity.ide.rider@4d374c7eb6db"},{"Name":"com.unity.ide.visualstudio","ResolvedPath":"Library/PackageCache/com.unity.ide.visualstudio@198cdf337d13"},{"Name":"com.unity.inputsystem","ResolvedPath":"Library/PackageCache/com.unity.inputsystem@be6c4fd0abf5"},{"Name":"com.unity.multiplayer.center","ResolvedPath":"Library/PackageCache/com.unity.multiplayer.center@f3fb577b3546"},{"Name":"com.unity.render-pipelines.universal","ResolvedPath":"Library/PackageCache/com.unity.render-pipelines.universal@a2829103b3d4"},{"Name":"com.unity.test-framework","ResolvedPath":"Library/PackageCache/com.unity.test-framework@a6f5be5f149c"},{"Name":"com.unity.timeline","ResolvedPath":"Library/PackageCache/com.unity.timeline@6b9e48457ddb"},{"Name":"com.unity.ugui","ResolvedPath":"Library/PackageCache/com.unity.ugui@754dbde2be27"},{"Name":"com.unity.visualscripting","ResolvedPath":"Library/PackageCache/com.unity.visualscripting@6279e2b7c485"},{"Name":"com.unity.modules.accessibility","ResolvedPath":"C:/Program Files/Unity/Hub/Editor/6000.2.2f1/Editor/Data/Resources/PackageManager/BuiltInPackages/com.unity.modules.accessibility"},{"Name":"com.unity.modules.ai","ResolvedPath":"C:/Program Files/Unity/Hub/Editor/6000.2.2f1/Editor/Data/Resources/PackageManager/BuiltInPackages/com.unity.modules.ai"},{"Name":"com.unity.modules.androidjni","ResolvedPath":"C:/Program Files/Unity/Hub/Editor/6000.2.2f1/Editor/Data/Resources/PackageManager/BuiltInPackages/com.unity.modules.androidjni"},{"Name":"com.unity.modules.animation","ResolvedPath":"C:/Program Files/Unity/Hub/Editor/6000.2.2f1/Editor/Data/Resources/PackageManager/BuiltInPackages/com.unity.modules.animation"},{"Name":"com.unity.modules.assetbundle","ResolvedPath":"C:/Program Files/Unity/Hub/Editor/6000.2.2f1/Editor/Data/Resources/PackageManager/BuiltInPackages/com.unity.modules.assetbundle"},{"Name":"com.unity.modules.audio","ResolvedPath":"C:/Program Files/Unity/Hub/Editor/6000.2.2f1/Editor/Data/Resources/PackageManager/BuiltInPackages/com.unity.modules.audio"},{"Name":"com.unity.modules.cloth","ResolvedPath":"C:/Program Files/Unity/Hub/Editor/6000.2.2f1/Editor/Data/Resources/PackageManager/BuiltInPackages/com.unity.modules.cloth"},{"Name":"com.unity.modules.director","ResolvedPath":"C:/Program Files/Unity/Hub/Editor/6000.2.2f1/Editor/Data/Resources/PackageManager/BuiltInPackages/com.unity.modules.director"},{"Name":"com.unity.modules.imageconversion","ResolvedPath":"C:/Program Files/Unity/Hub/Editor/6000.2.2f1/Editor/Data/Resources/PackageManager/BuiltInPackages/com.unity.modules.imageconversion"},{"Name":"com.unity.modules.imgui","ResolvedPath":"C:/Program Files/Unity/Hub/Editor/6000.2.2f1/Editor/Data/Resources/PackageManager/BuiltInPackages/com.unity.modules.imgui"},{"Name":"com.unity.modules.jsonserialize","ResolvedPath":"C:/Program Files/Unity/Hub/Editor/6000.2.2f1/Editor/Data/Resources/PackageManager/BuiltInPackages/com.unity.modules.jsonserialize"},{"Name":"com.unity.modules.particlesystem","ResolvedPath":"C:/Program Files/Unity/Hub/Editor/6000.2.2f1/Editor/Data/Resources/PackageManager/BuiltInPackages/com.unity.modules.particlesystem"},{"Name":"com.unity.modules.physics","ResolvedPath":"C:/Program Files/Unity/Hub/Editor/6000.2.2f1/Editor/Data/Resources/PackageManager/BuiltInPackages/com.unity.modules.physics"},{"Name":"com.unity.modules.physics2d","ResolvedPath":"C:/Program Files/Unity/Hub/Editor/6000.2.2f1/Editor/Data/Resources/PackageManager/BuiltInPackages/com.unity.modules.physics2d"},{"Name":"com.unity.modules.screencapture","ResolvedPath":"C:/Program Files/Unity/Hub/Editor/6000.2.2f1/Editor/Data/Resources/PackageManager/BuiltInPackages/com.unity.modules.screencapture"},{"Name":"com.unity.modules.terrain","ResolvedPath":"C:/Program Files/Unity/Hub/Editor/6000.2.2f1/Editor/Data/Resources/PackageManager/BuiltInPackages/com.unity.modules.terrain"},{"Name":"com.unity.modules.terrainphysics","ResolvedPath":"C:/Program Files/Unity/Hub/Editor/6000.2.2f1/Editor/Data/Resources/PackageManager/BuiltInPackages/com.unity.modules.terrainphysics"},{"Name":"com.unity.modules.tilemap","ResolvedPath":"C:/Program Files/Unity/Hub/Editor/6000.2.2f1/Editor/Data/Resources/PackageManager/BuiltInPackages/com.unity.modules.tilemap"},{"Name":"com.unity.modules.ui","ResolvedPath":"C:/Program Files/Unity/Hub/Editor/6000.2.2f1/Editor/Data/Resources/PackageManager/BuiltInPackages/com.unity.modules.ui"},{"Name":"com.unity.modules.uielements","ResolvedPath":"C:/Program Files/Unity/Hub/Editor/6000.2.2f1/Editor/Data/Resources/PackageManager/BuiltInPackages/com.unity.modules.uielements"},{"Name":"com.unity.modules.umbra","ResolvedPath":"C:/Program Files/Unity/Hub/Editor/6000.2.2f1/Editor/Data/Resources/PackageManager/BuiltInPackages/com.unity.modules.umbra"},{"Name":"com.unity.modules.unityanalytics","ResolvedPath":"C:/Program Files/Unity/Hub/Editor/6000.2.2f1/Editor/Data/Resources/PackageManager/BuiltInPackages/com.unity.modules.unityanalytics"},{"Name":"com.unity.modules.unitywebrequest","ResolvedPath":"C:/Program Files/Unity/Hub/Editor/6000.2.2f1/Editor/Data/Resources/PackageManager/BuiltInPackages/com.unity.modules.unitywebrequest"},{"Name":"com.unity.modules.unitywebrequestassetbundle","ResolvedPath":"C:/Program Files/Unity/Hub/Editor/6000.2.2f1/Editor/Data/Resources/PackageManager/BuiltInPackages/com.unity.modules.unitywebrequestassetbundle"},{"Name":"com.unity.modules.unitywebrequestaudio","ResolvedPath":"C:/Program Files/Unity/Hub/Editor/6000.2.2f1/Editor/Data/Resources/PackageManager/BuiltInPackages/com.unity.modules.unitywebrequestaudio"},{"Name":"com.unity.modules.unitywebrequesttexture","ResolvedPath":"C:/Program Files/Unity/Hub/Editor/6000.2.2f1/Editor/Data/Resources/PackageManager/BuiltInPackages/com.unity.modules.unitywebrequesttexture"},{"Name":"com.unity.modules.unitywebrequestwww","ResolvedPath":"C:/Program Files/Unity/Hub/Editor/6000.2.2f1/Editor/Data/Resources/PackageManager/BuiltInPackages/com.unity.modules.unitywebrequestwww"},{"Name":"com.unity.modules.vehicles","ResolvedPath":"C:/Program Files/Unity/Hub/Editor/6000.2.2f1/Editor/Data/Resources/PackageManager/BuiltInPackages/com.unity.modules.vehicles"},{"Name":"com.unity.modules.video","ResolvedPath":"C:/Program Files/Unity/Hub/Editor/6000.2.2f1/Editor/Data/Resources/PackageManager/BuiltInPackages/com.unity.modules.video"},{"Name":"com.unity.modules.vr","ResolvedPath":"C:/Program Files/Unity/Hub/Editor/6000.2.2f1/Editor/Data/Resources/PackageManager/BuiltInPackages/com.unity.modules.vr"},{"Name":"com.unity.modules.wind","ResolvedPath":"C:/Program Files/Unity/Hub/Editor/6000.2.2f1/Editor/Data/Resources/PackageManager/BuiltInPackages/com.unity.modules.wind"},{"Name":"com.unity.modules.xr","ResolvedPath":"C:/Program Files/Unity/Hub/Editor/6000.2.2f1/Editor/Data/Resources/PackageManager/BuiltInPackages/com.unity.modules.xr"},{"Name":"com.unity.modules.subsystems","ResolvedPath":"C:/Program Files/Unity/Hub/Editor/6000.2.2f1/Editor/Data/Resources/PackageManager/BuiltInPackages/com.unity.modules.subsystems"},{"Name":"com.unity.modules.hierarchycore","ResolvedPath":"C:/Program Files/Unity/Hub/Editor/6000.2.2f1/Editor/Data/Resources/PackageManager/BuiltInPackages/com.unity.modules.hierarchycore"},{"Name":"com.unity.ext.nunit","ResolvedPath":"Library/PackageCache/com.unity.ext.nunit@031a54704bff"},{"Name":"com.unity.render-pipelines.core","ResolvedPath":"Library/PackageCache/com.unity.render-pipelines.core@5e056b397fc0"},{"Name":"com.unity.shadergraph","ResolvedPath":"Library/PackageCache/com.unity.shadergraph@287dd3fa176c"},{"Name":"com.unity.render-pipelines.universal-config","ResolvedPath":"Library/PackageCache/com.unity.render-pipelines.universal-config@8dc1aab4af1d"},{"Name":"com.unity.2d.common","ResolvedPath":"Library/PackageCache/com.unity.2d.common@dd402daace1b"},{"Name":"com.unity.mathematics","ResolvedPath":"Library/PackageCache/com.unity.mathematics@8017b507cc74"},{"Name":"com.unity.collections","ResolvedPath":"Library/PackageCache/com.unity.collections@d49facba0036"},{"Name":"com.unity.searcher","ResolvedPath":"Library/PackageCache/com.unity.searcher@1e17ce91558d"},{"Name":"com.unity.burst","ResolvedPath":"Library/PackageCache/com.unity.burst@f7a407abf4d5"},{"Name":"com.unity.rendering.light-transport","ResolvedPath":"Library/PackageCache/com.unity.rendering.light-transport@2c9279f90d7c"},{"Name":"com.unity.nuget.mono-cecil","ResolvedPath":"Library/PackageCache/com.unity.nuget.mono-cecil@d78732e851eb"},{"Name":"com.unity.test-framework.performance","ResolvedPath":"Library/PackageCache/com.unity.test-framework.performance@92d1d09a72ed"}],"UnityVersion":"6000.2.2f1","UnityVersionNumeric":{"Release":6000,"Major":2,"Minor":2},"Batchmode":false,"EmitDataForBeeWhy":false,"NamedPipeOrUnixSocket":"unity-ilpp-c9d1c57cc3e313784515be95b7ed70a6"},"PlayerBuildProgramLibrary.Data.PlayerBuildConfig":{"DestinationPath":"C:\\GnomesWell1\\Library\\Bee\\Android\\Prj\\IL2CPP\\Gradle","StagingArea":"Temp/StagingArea","DataFolder":"Library/PlayerDataCache/Android/Data","CompanyName":"JordanRonieMikeGroup","ProductName":"Gnomes Well","PlayerPackage":"C:/Program Files/Unity/Hub/Editor/6000.2.2f1/Editor/Data/PlaybackEngines/AndroidPlayer","ApplicationIdentifier":"com.JordanRonieMikeGroup.GnomesWell","Architecture":"","ScriptingBackend":"IL2CPP","NoGUID":false,"InstallIntoBuildsFolder":false,"GenerateIdeProject":false,"Development":false,"UseNewInputSystem":true,"GenerateNativePluginsForAssembliesSettings":{"HasCallback":true,"DisplayName":"Running Burst Compiler","AdditionalInputFiles":["ProjectSettings/BurstAotSettings_Android.json","Library/BurstCache/AotSettings_Android.hash","C:/GnomesWell1/Library/PackageCache/com.unity.burst@f7a407abf4d5/.Runtime\\bcl.exe"]},"Services":{"EnableUnityConnect":true,"EnablePerformanceReporting":false,"EnableAnalytics":false,"EnableCrashReporting":true,"EnableInsights":true},"ManagedAssemblies":["C:/Program Files/Unity/Hub/Editor/6000.2.2f1/Editor/Data/PlaybackEngines/AndroidPlayer/Variations/il2cpp/Managed/UnityEngine.AIModule.dll","C:/Program Files/Unity/Hub/Editor/6000.2.2f1/Editor/Data/PlaybackEngines/AndroidPlayer/Variations/il2cpp/Managed/UnityEngine.ARModule.dll","C:/Program Files/Unity/Hub/Editor/6000.2.2f1/Editor/Data/PlaybackEngines/AndroidPlayer/Variations/il2cpp/Managed/UnityEngine.AccessibilityModule.dll","C:/Program Files/Unity/Hub/Editor/6000.2.2f1/Editor/Data/PlaybackEngines/AndroidPlayer/Variations/il2cpp/Managed/UnityEngine.AndroidJNIModule.dll","C:/Program Files/Unity/Hub/Editor/6000.2.2f1/Editor/Data/PlaybackEngines/AndroidPlayer/Variations/il2cpp/Managed/UnityEngine.AnimationModule.dll","C:/Program Files/Unity/Hub/Editor/6000.2.2f1/Editor/Data/PlaybackEngines/AndroidPlayer/Variations/il2cpp/Managed/UnityEngine.AssetBundleModule.dll","C:/Program Files/Unity/Hub/Editor/6000.2.2f1/Editor/Data/PlaybackEngines/AndroidPlayer/Variations/il2cpp/Managed/UnityEngine.AudioModule.dll","C:/Program Files/Unity/Hub/Editor/6000.2.2f1/Editor/Data/PlaybackEngines/AndroidPlayer/Variations/il2cpp/Managed/UnityEngine.ClothModule.dll","C:/Program Files/Unity/Hub/Editor/6000.2.2f1/Editor/Data/PlaybackEngines/AndroidPlayer/Variations/il2cpp/Managed/UnityEngine.ContentLoadModule.dll","C:/Program Files/Unity/Hub/Editor/6000.2.2f1/Editor/Data/PlaybackEngines/AndroidPlayer/Variations/il2cpp/Managed/UnityEngine.CoreModule.dll","C:/Program Files/Unity/Hub/Editor/6000.2.2f1/Editor/Data/PlaybackEngines/AndroidPlayer/Variations/il2cpp/Managed/UnityEngine.CrashReportingModule.dll","C:/Program Files/Unity/Hub/Editor/6000.2.2f1/Editor/Data/PlaybackEngines/AndroidPlayer/Variations/il2cpp/Managed/UnityEngine.DSPGraphModule.dll","C:/Program Files/Unity/Hub/Editor/6000.2.2f1/Editor/Data/PlaybackEngines/AndroidPlayer/Variations/il2cpp/Managed/UnityEngine.DirectorModule.dll","C:/Program Files/Unity/Hub/Editor/6000.2.2f1/Editor/Data/PlaybackEngines/AndroidPlayer/Variations/il2cpp/Managed/UnityEngine.GIModule.dll","C:/Program Files/Unity/Hub/Editor/6000.2.2f1/Editor/Data/PlaybackEngines/AndroidPlayer/Variations/il2cpp/Managed/UnityEngine.GameCenterModule.dll","C:/Program Files/Unity/Hub/Editor/6000.2.2f1/Editor/Data/PlaybackEngines/AndroidPlayer/Variations/il2cpp/Managed/UnityEngine.GraphicsStateCollectionSerializerModule.dll","C:/Program Files/Unity/Hub/Editor/6000.2.2f1/Editor/Data/PlaybackEngines/AndroidPlayer/Variations/il2cpp/Managed/UnityEngine.GridModule.dll","C:/Program Files/Unity/Hub/Editor/6000.2.2f1/Editor/Data/PlaybackEngines/AndroidPlayer/Variations/il2cpp/Managed/UnityEngine.HierarchyCoreModule.dll","C:/Program Files/Unity/Hub/Editor/6000.2.2f1/Editor/Data/PlaybackEngines/AndroidPlayer/Variations/il2cpp/Managed/UnityEngine.HotReloadModule.dll","C:/Program Files/Unity/Hub/Editor/6000.2.2f1/Editor/Data/PlaybackEngines/AndroidPlayer/Variations/il2cpp/Managed/UnityEngine.IMGUIModule.dll","C:/Program Files/Unity/Hub/Editor/6000.2.2f1/Editor/Data/PlaybackEngines/AndroidPlayer/Variations/il2cpp/Managed/UnityEngine.IdentifiersModule.dll","C:/Program Files/Unity/Hub/Editor/6000.2.2f1/Editor/Data/PlaybackEngines/AndroidPlayer/Variations/il2cpp/Managed/UnityEngine.ImageConversionModule.dll","C:/Program Files/Unity/Hub/Editor/6000.2.2f1/Editor/Data/PlaybackEngines/AndroidPlayer/Variations/il2cpp/Managed/UnityEngine.InputForUIModule.dll","C:/Program Files/Unity/Hub/Editor/6000.2.2f1/Editor/Data/PlaybackEngines/AndroidPlayer/Variations/il2cpp/Managed/UnityEngine.InputLegacyModule.dll","C:/Program Files/Unity/Hub/Editor/6000.2.2f1/Editor/Data/PlaybackEngines/AndroidPlayer/Variations/il2cpp/Managed/UnityEngine.InputModule.dll","C:/Program Files/Unity/Hub/Editor/6000.2.2f1/Editor/Data/PlaybackEngines/AndroidPlayer/Variations/il2cpp/Managed/UnityEngine.InsightsModule.dll","C:/Program Files/Unity/Hub/Editor/6000.2.2f1/Editor/Data/PlaybackEngines/AndroidPlayer/Variations/il2cpp/Managed/UnityEngine.JSONSerializeModule.dll","C:/Program Files/Unity/Hub/Editor/6000.2.2f1/Editor/Data/PlaybackEngines/AndroidPlayer/Variations/il2cpp/Managed/UnityEngine.LocalizationModule.dll","C:/Program Files/Unity/Hub/Editor/6000.2.2f1/Editor/Data/PlaybackEngines/AndroidPlayer/Variations/il2cpp/Managed/UnityEngine.MarshallingModule.dll","C:/Program Files/Unity/Hub/Editor/6000.2.2f1/Editor/Data/PlaybackEngines/AndroidPlayer/Variations/il2cpp/Managed/UnityEngine.MultiplayerModule.dll","C:/Program Files/Unity/Hub/Editor/6000.2.2f1/Editor/Data/PlaybackEngines/AndroidPlayer/Variations/il2cpp/Managed/UnityEngine.ParticleSystemModule.dll","C:/Program Files/Unity/Hub/Editor/6000.2.2f1/Editor/Data/PlaybackEngines/AndroidPlayer/Variations/il2cpp/Managed/UnityEngine.PerformanceReportingModule.dll","C:/Program Files/Unity/Hub/Editor/6000.2.2f1/Editor/Data/PlaybackEngines/AndroidPlayer/Variations/il2cpp/Managed/UnityEngine.Physics2DModule.dll","C:/Program Files/Unity/Hub/Editor/6000.2.2f1/Editor/Data/PlaybackEngines/AndroidPlayer/Variations/il2cpp/Managed/UnityEngine.PhysicsModule.dll","C:/Program Files/Unity/Hub/Editor/6000.2.2f1/Editor/Data/PlaybackEngines/AndroidPlayer/Variations/il2cpp/Managed/UnityEngine.PropertiesModule.dll","C:/Program Files/Unity/Hub/Editor/6000.2.2f1/Editor/Data/PlaybackEngines/AndroidPlayer/Variations/il2cpp/Managed/UnityEngine.RuntimeInitializeOnLoadManagerInitializerModule.dll","C:/Program Files/Unity/Hub/Editor/6000.2.2f1/Editor/Data/PlaybackEngines/AndroidPlayer/Variations/il2cpp/Managed/UnityEngine.ScreenCaptureModule.dll","C:/Program Files/Unity/Hub/Editor/6000.2.2f1/Editor/Data/PlaybackEngines/AndroidPlayer/Variations/il2cpp/Managed/UnityEngine.ShaderVariantAnalyticsModule.dll","C:/Program Files/Unity/Hub/Editor/6000.2.2f1/Editor/Data/PlaybackEngines/AndroidPlayer/Variations/il2cpp/Managed/UnityEngine.SharedInternalsModule.dll","C:/Program Files/Unity/Hub/Editor/6000.2.2f1/Editor/Data/PlaybackEngines/AndroidPlayer/Variations/il2cpp/Managed/UnityEngine.SpriteMaskModule.dll","C:/Program Files/Unity/Hub/Editor/6000.2.2f1/Editor/Data/PlaybackEngines/AndroidPlayer/Variations/il2cpp/Managed/UnityEngine.SpriteShapeModule.dll","C:/Program Files/Unity/Hub/Editor/6000.2.2f1/Editor/Data/PlaybackEngines/AndroidPlayer/Variations/il2cpp/Managed/UnityEngine.StreamingModule.dll","C:/Program Files/Unity/Hub/Editor/6000.2.2f1/Editor/Data/PlaybackEngines/AndroidPlayer/Variations/il2cpp/Managed/UnityEngine.SubstanceModule.dll","C:/Program Files/Unity/Hub/Editor/6000.2.2f1/Editor/Data/PlaybackEngines/AndroidPlayer/Variations/il2cpp/Managed/UnityEngine.SubsystemsModule.dll","C:/Program Files/Unity/Hub/Editor/6000.2.2f1/Editor/Data/PlaybackEngines/AndroidPlayer/Variations/il2cpp/Managed/UnityEngine.TLSModule.dll","C:/Program Files/Unity/Hub/Editor/6000.2.2f1/Editor/Data/PlaybackEngines/AndroidPlayer/Variations/il2cpp/Managed/UnityEngine.TerrainModule.dll","C:/Program Files/Unity/Hub/Editor/6000.2.2f1/Editor/Data/PlaybackEngines/AndroidPlayer/Variations/il2cpp/Managed/UnityEngine.TerrainPhysicsModule.dll","C:/Program Files/Unity/Hub/Editor/6000.2.2f1/Editor/Data/PlaybackEngines/AndroidPlayer/Variations/il2cpp/Managed/UnityEngine.TextCoreFontEngineModule.dll","C:/Program Files/Unity/Hub/Editor/6000.2.2f1/Editor/Data/PlaybackEngines/AndroidPlayer/Variations/il2cpp/Managed/UnityEngine.TextCoreTextEngineModule.dll","C:/Program Files/Unity/Hub/Editor/6000.2.2f1/Editor/Data/PlaybackEngines/AndroidPlayer/Variations/il2cpp/Managed/UnityEngine.TextRenderingModule.dll","C:/Program Files/Unity/Hub/Editor/6000.2.2f1/Editor/Data/PlaybackEngines/AndroidPlayer/Variations/il2cpp/Managed/UnityEngine.TilemapModule.dll","C:/Program Files/Unity/Hub/Editor/6000.2.2f1/Editor/Data/PlaybackEngines/AndroidPlayer/Variations/il2cpp/Managed/UnityEngine.UIElementsModule.dll","C:/Program Files/Unity/Hub/Editor/6000.2.2f1/Editor/Data/PlaybackEngines/AndroidPlayer/Variations/il2cpp/Managed/UnityEngine.UIModule.dll","C:/Program Files/Unity/Hub/Editor/6000.2.2f1/Editor/Data/PlaybackEngines/AndroidPlayer/Variations/il2cpp/Managed/UnityEngine.UmbraModule.dll","C:/Program Files/Unity/Hub/Editor/6000.2.2f1/Editor/Data/PlaybackEngines/AndroidPlayer/Variations/il2cpp/Managed/UnityEngine.UnityAnalyticsCommonModule.dll","C:/Program Files/Unity/Hub/Editor/6000.2.2f1/Editor/Data/PlaybackEngines/AndroidPlayer/Variations/il2cpp/Managed/UnityEngine.UnityAnalyticsModule.dll","C:/Program Files/Unity/Hub/Editor/6000.2.2f1/Editor/Data/PlaybackEngines/AndroidPlayer/Variations/il2cpp/Managed/UnityEngine.UnityConnectModule.dll","C:/Program Files/Unity/Hub/Editor/6000.2.2f1/Editor/Data/PlaybackEngines/AndroidPlayer/Variations/il2cpp/Managed/UnityEngine.UnityConsentModule.dll","C:/Program Files/Unity/Hub/Editor/6000.2.2f1/Editor/Data/PlaybackEngines/AndroidPlayer/Variations/il2cpp/Managed/UnityEngine.UnityCurlModule.dll","C:/Program Files/Unity/Hub/Editor/6000.2.2f1/Editor/Data/PlaybackEngines/AndroidPlayer/Variations/il2cpp/Managed/UnityEngine.UnityTestProtocolModule.dll","C:/Program Files/Unity/Hub/Editor/6000.2.2f1/Editor/Data/PlaybackEngines/AndroidPlayer/Variations/il2cpp/Managed/UnityEngine.UnityWebRequestAssetBundleModule.dll","C:/Program Files/Unity/Hub/Editor/6000.2.2f1/Editor/Data/PlaybackEngines/AndroidPlayer/Variations/il2cpp/Managed/UnityEngine.UnityWebRequestAudioModule.dll","C:/Program Files/Unity/Hub/Editor/6000.2.2f1/Editor/Data/PlaybackEngines/AndroidPlayer/Variations/il2cpp/Managed/UnityEngine.UnityWebRequestModule.dll","C:/Program Files/Unity/Hub/Editor/6000.2.2f1/Editor/Data/PlaybackEngines/AndroidPlayer/Variations/il2cpp/Managed/UnityEngine.UnityWebRequestTextureModule.dll","C:/Program Files/Unity/Hub/Editor/6000.2.2f1/Editor/Data/PlaybackEngines/AndroidPlayer/Variations/il2cpp/Managed/UnityEngine.UnityWebRequestWWWModule.dll","C:/Program Files/Unity/Hub/Editor/6000.2.2f1/Editor/Data/PlaybackEngines/AndroidPlayer/Variations/il2cpp/Managed/UnityEngine.VFXModule.dll","C:/Program Files/Unity/Hub/Editor/6000.2.2f1/Editor/Data/PlaybackEngines/AndroidPlayer/Variations/il2cpp/Managed/UnityEngine.VRModule.dll","C:/Program Files/Unity/Hub/Editor/6000.2.2f1/Editor/Data/PlaybackEngines/AndroidPlayer/Variations/il2cpp/Managed/UnityEngine.VehiclesModule.dll","C:/Program Files/Unity/Hub/Editor/6000.2.2f1/Editor/Data/PlaybackEngines/AndroidPlayer/Variations/il2cpp/Managed/UnityEngine.VideoModule.dll","C:/Program Files/Unity/Hub/Editor/6000.2.2f1/Editor/Data/PlaybackEngines/AndroidPlayer/Variations/il2cpp/Managed/UnityEngine.WindModule.dll","C:/Program Files/Unity/Hub/Editor/6000.2.2f1/Editor/Data/PlaybackEngines/AndroidPlayer/Variations/il2cpp/Managed/UnityEngine.XRModule.dll","C:/Program Files/Unity/Hub/Editor/6000.2.2f1/Editor/Data/PlaybackEngines/AndroidPlayer/Variations/il2cpp/Managed/UnityEngine.dll","C:/GnomesWell1/Library/Bee/PlayerScriptAssemblies/Assembly-CSharp.dll","C:/GnomesWell1/Library/Bee/PlayerScriptAssemblies/Unity.2D.Animation.Runtime.dll","C:/GnomesWell1/Library/Bee/PlayerScriptAssemblies/Unity.2D.Common.Runtime.dll","C:/GnomesWell1/Library/Bee/PlayerScriptAssemblies/Unity.2D.IK.Runtime.dll","C:/GnomesWell1/Library/Bee/PlayerScriptAssemblies/Unity.2D.SpriteShape.Runtime.dll","C:/GnomesWell1/Library/Bee/PlayerScriptAssemblies/Unity.2D.Tilemap.Extras.dll","C:/GnomesWell1/Library/Bee/PlayerScriptAssemblies/Unity.Burst.dll","C:/GnomesWell1/Library/Bee/PlayerScriptAssemblies/Unity.Collections.dll","C:/GnomesWell1/Library/Bee/PlayerScriptAssemblies/Unity.InputSystem.dll","C:/GnomesWell1/Library/Bee/PlayerScriptAssemblies/Unity.InputSystem.ForUI.dll","C:/GnomesWell1/Library/Bee/PlayerScriptAssemblies/Unity.InternalAPIEngineBridge.001.dll","C:/GnomesWell1/Library/Bee/PlayerScriptAssemblies/Unity.Mathematics.dll","C:/GnomesWell1/Library/Bee/PlayerScriptAssemblies/Unity.Multiplayer.Center.Common.dll","C:/GnomesWell1/Library/Bee/PlayerScriptAssemblies/Unity.Rendering.LightTransport.Runtime.dll","C:/GnomesWell1/Library/Bee/PlayerScriptAssemblies/Unity.RenderPipeline.Universal.ShaderLibrary.dll","C:/GnomesWell1/Library/Bee/PlayerScriptAssemblies/Unity.RenderPipelines.Core.Runtime.dll","C:/GnomesWell1/Library/Bee/PlayerScriptAssemblies/Unity.RenderPipelines.Core.Runtime.Shared.dll","C:/GnomesWell1/Library/Bee/PlayerScriptAssemblies/Unity.RenderPipelines.Core.ShaderLibrary.dll","C:/GnomesWell1/Library/Bee/PlayerScriptAssemblies/Unity.RenderPipelines.GPUDriven.Runtime.dll","C:/GnomesWell1/Library/Bee/PlayerScriptAssemblies/Unity.RenderPipelines.ShaderGraph.ShaderGraphLibrary.dll","C:/GnomesWell1/Library/Bee/PlayerScriptAssemblies/Unity.RenderPipelines.Universal.2D.Runtime.dll","C:/GnomesWell1/Library/Bee/PlayerScriptAssemblies/Unity.RenderPipelines.Universal.Config.Runtime.dll","C:/GnomesWell1/Library/Bee/PlayerScriptAssemblies/Unity.RenderPipelines.Universal.Runtime.dll","C:/GnomesWell1/Library/Bee/PlayerScriptAssemblies/Unity.RenderPipelines.Universal.Shaders.dll","C:/GnomesWell1/Library/Bee/PlayerScriptAssemblies/Unity.TextMeshPro.dll","C:/GnomesWell1/Library/Bee/PlayerScriptAssemblies/Unity.Timeline.dll","C:/GnomesWell1/Library/Bee/PlayerScriptAssemblies/Unity.VisualScripting.Core.dll","C:/GnomesWell1/Library/Bee/PlayerScriptAssemblies/Unity.VisualScripting.Flow.dll","C:/GnomesWell1/Library/Bee/PlayerScriptAssemblies/Unity.VisualScripting.State.dll","C:/GnomesWell1/Library/Bee/PlayerScriptAssemblies/UnityEngine.UI.dll","C:/GnomesWell1/Library/PackageCache/com.unity.collections@d49facba0036/Unity.Collections.LowLevel.ILSupport/Unity.Collections.LowLevel.ILSupport.dll","C:/GnomesWell1/Library/PackageCache/com.unity.collections@d49facba0036/Unity.Collections.Tests/System.IO.Hashing/System.IO.Hashing.dll","C:/GnomesWell1/Library/PackageCache/com.unity.visualscripting@6279e2b7c485/Runtime/VisualScripting.Flow/Dependencies/NCalc/Unity.VisualScripting.Antlr3.Runtime.dll","C:/GnomesWell1/Library/PackageCache/com.unity.burst@f7a407abf4d5/Unity.Burst.Unsafe.dll","C:/GnomesWell1/Library/PackageCache/com.unity.collections@d49facba0036/Unity.Collections.Tests/System.Runtime.CompilerServices.Unsafe/System.Runtime.CompilerServices.Unsafe.dll","C:/Program Files/Unity/Hub/Editor/6000.2.2f1/Editor/Data/MonoBleedingEdge/lib/mono/unityaot-linux/Accessibility.dll","C:/Program Files/Unity/Hub/Editor/6000.2.2f1/Editor/Data/MonoBleedingEdge/lib/mono/unityaot-linux/Facades/Microsoft.Win32.Primitives.dll","C:/Program Files/Unity/Hub/Editor/6000.2.2f1/Editor/Data/MonoBleedingEdge/lib/mono/unityaot-linux/Facades/Microsoft.Win32.Registry.AccessControl.dll","C:/Program Files/Unity/Hub/Editor/6000.2.2f1/Editor/Data/MonoBleedingEdge/lib/mono/unityaot-linux/Facades/Microsoft.Win32.Registry.dll","C:/Program Files/Unity/Hub/Editor/6000.2.2f1/Editor/Data/MonoBleedingEdge/lib/mono/unityaot-linux/Facades/System.AppContext.dll","C:/Program Files/Unity/Hub/Editor/6000.2.2f1/Editor/Data/MonoBleedingEdge/lib/mono/unityaot-linux/Facades/System.Buffers.dll","C:/Program Files/Unity/Hub/Editor/6000.2.2f1/Editor/Data/MonoBleedingEdge/lib/mono/unityaot-linux/Facades/System.Collections.Concurrent.dll","C:/Program Files/Unity/Hub/Editor/6000.2.2f1/Editor/Data/MonoBleedingEdge/lib/mono/unityaot-linux/Facades/System.Collections.NonGeneric.dll","C:/Program Files/Unity/Hub/Editor/6000.2.2f1/Editor/Data/MonoBleedingEdge/lib/mono/unityaot-linux/Facades/System.Collections.Specialized.dll","C:/Program Files/Unity/Hub/Editor/6000.2.2f1/Editor/Data/MonoBleedingEdge/lib/mono/unityaot-linux/Facades/System.Collections.dll","C:/Program Files/Unity/Hub/Editor/6000.2.2f1/Editor/Data/MonoBleedingEdge/lib/mono/unityaot-linux/Facades/System.ComponentModel.Annotations.dll","C:/Program Files/Unity/Hub/Editor/6000.2.2f1/Editor/Data/MonoBleedingEdge/lib/mono/unityaot-linux/Facades/System.ComponentModel.EventBasedAsync.dll","C:/Program Files/Unity/Hub/Editor/6000.2.2f1/Editor/Data/MonoBleedingEdge/lib/mono/unityaot-linux/Facades/System.ComponentModel.Primitives.dll","C:/Program Files/Unity/Hub/Editor/6000.2.2f1/Editor/Data/MonoBleedingEdge/lib/mono/unityaot-linux/Facades/System.ComponentModel.TypeConverter.dll","C:/Program Files/Unity/Hub/Editor/6000.2.2f1/Editor/Data/MonoBleedingEdge/lib/mono/unityaot-linux/Facades/System.ComponentModel.dll","C:/Program Files/Unity/Hub/Editor/6000.2.2f1/Editor/Data/MonoBleedingEdge/lib/mono/unityaot-linux/Facades/System.Console.dll","C:/Program Files/Unity/Hub/Editor/6000.2.2f1/Editor/Data/MonoBleedingEdge/lib/mono/unityaot-linux/Facades/System.Data.Common.dll","C:/Program Files/Unity/Hub/Editor/6000.2.2f1/Editor/Data/MonoBleedingEdge/lib/mono/unityaot-linux/Facades/System.Data.SqlClient.dll","C:/Program Files/Unity/Hub/Editor/6000.2.2f1/Editor/Data/MonoBleedingEdge/lib/mono/unityaot-linux/Facades/System.Diagnostics.Contracts.dll","C:/Program Files/Unity/Hub/Editor/6000.2.2f1/Editor/Data/MonoBleedingEdge/lib/mono/unityaot-linux/Facades/System.Diagnostics.Debug.dll","C:/Program Files/Unity/Hub/Editor/6000.2.2f1/Editor/Data/MonoBleedingEdge/lib/mono/unityaot-linux/Facades/System.Diagnostics.FileVersionInfo.dll","C:/Program Files/Unity/Hub/Editor/6000.2.2f1/Editor/Data/MonoBleedingEdge/lib/mono/unityaot-linux/Facades/System.Diagnostics.Process.dll","C:/Program Files/Unity/Hub/Editor/6000.2.2f1/Editor/Data/MonoBleedingEdge/lib/mono/unityaot-linux/Facades/System.Diagnostics.StackTrace.dll","C:/Program Files/Unity/Hub/Editor/6000.2.2f1/Editor/Data/MonoBleedingEdge/lib/mono/unityaot-linux/Facades/System.Diagnostics.TextWriterTraceListener.dll","C:/Program Files/Unity/Hub/Editor/6000.2.2f1/Editor/Data/MonoBleedingEdge/lib/mono/unityaot-linux/Facades/System.Diagnostics.Tools.dll","C:/Program Files/Unity/Hub/Editor/6000.2.2f1/Editor/Data/MonoBleedingEdge/lib/mono/unityaot-linux/Facades/System.Diagnostics.TraceEvent.dll","C:/Program Files/Unity/Hub/Editor/6000.2.2f1/Editor/Data/MonoBleedingEdge/lib/mono/unityaot-linux/Facades/System.Diagnostics.TraceSource.dll","C:/Program Files/Unity/Hub/Editor/6000.2.2f1/Editor/Data/MonoBleedingEdge/lib/mono/unityaot-linux/Facades/System.Diagnostics.Tracing.dll","C:/Program Files/Unity/Hub/Editor/6000.2.2f1/Editor/Data/MonoBleedingEdge/lib/mono/unityaot-linux/Facades/System.Drawing.Primitives.dll","C:/Program Files/Unity/Hub/Editor/6000.2.2f1/Editor/Data/MonoBleedingEdge/lib/mono/unityaot-linux/Facades/System.Dynamic.Runtime.dll","C:/Program Files/Unity/Hub/Editor/6000.2.2f1/Editor/Data/MonoBleedingEdge/lib/mono/unityaot-linux/Facades/System.Globalization.Calendars.dll","C:/Program Files/Unity/Hub/Editor/6000.2.2f1/Editor/Data/MonoBleedingEdge/lib/mono/unityaot-linux/Facades/System.Globalization.Extensions.dll","C:/Program Files/Unity/Hub/Editor/6000.2.2f1/Editor/Data/MonoBleedingEdge/lib/mono/unityaot-linux/Facades/System.Globalization.dll","C:/Program Files/Unity/Hub/Editor/6000.2.2f1/Editor/Data/MonoBleedingEdge/lib/mono/unityaot-linux/Facades/System.IO.Compression.ZipFile.dll","C:/Program Files/Unity/Hub/Editor/6000.2.2f1/Editor/Data/MonoBleedingEdge/lib/mono/unityaot-linux/Facades/System.IO.FileSystem.AccessControl.dll","C:/Program Files/Unity/Hub/Editor/6000.2.2f1/Editor/Data/MonoBleedingEdge/lib/mono/unityaot-linux/Facades/System.IO.FileSystem.DriveInfo.dll","C:/Program Files/Unity/Hub/Editor/6000.2.2f1/Editor/Data/MonoBleedingEdge/lib/mono/unityaot-linux/Facades/System.IO.FileSystem.Primitives.dll","C:/Program Files/Unity/Hub/Editor/6000.2.2f1/Editor/Data/MonoBleedingEdge/lib/mono/unityaot-linux/Facades/System.IO.FileSystem.Watcher.dll","C:/Program Files/Unity/Hub/Editor/6000.2.2f1/Editor/Data/MonoBleedingEdge/lib/mono/unityaot-linux/Facades/System.IO.FileSystem.dll","C:/Program Files/Unity/Hub/Editor/6000.2.2f1/Editor/Data/MonoBleedingEdge/lib/mono/unityaot-linux/Facades/System.IO.IsolatedStorage.dll","C:/Program Files/Unity/Hub/Editor/6000.2.2f1/Editor/Data/MonoBleedingEdge/lib/mono/unityaot-linux/Facades/System.IO.MemoryMappedFiles.dll","C:/Program Files/Unity/Hub/Editor/6000.2.2f1/Editor/Data/MonoBleedingEdge/lib/mono/unityaot-linux/Facades/System.IO.Pipes.dll","C:/Program Files/Unity/Hub/Editor/6000.2.2f1/Editor/Data/MonoBleedingEdge/lib/mono/unityaot-linux/Facades/System.IO.UnmanagedMemoryStream.dll","C:/Program Files/Unity/Hub/Editor/6000.2.2f1/Editor/Data/MonoBleedingEdge/lib/mono/unityaot-linux/Facades/System.IO.dll","C:/Program Files/Unity/Hub/Editor/6000.2.2f1/Editor/Data/MonoBleedingEdge/lib/mono/unityaot-linux/Facades/System.Linq.Expressions.dll","C:/Program Files/Unity/Hub/Editor/6000.2.2f1/Editor/Data/MonoBleedingEdge/lib/mono/unityaot-linux/Facades/System.Linq.Parallel.dll","C:/Program Files/Unity/Hub/Editor/6000.2.2f1/Editor/Data/MonoBleedingEdge/lib/mono/unityaot-linux/Facades/System.Linq.Queryable.dll","C:/Program Files/Unity/Hub/Editor/6000.2.2f1/Editor/Data/MonoBleedingEdge/lib/mono/unityaot-linux/Facades/System.Linq.dll","C:/Program Files/Unity/Hub/Editor/6000.2.2f1/Editor/Data/MonoBleedingEdge/lib/mono/unityaot-linux/Facades/System.Memory.dll","C:/Program Files/Unity/Hub/Editor/6000.2.2f1/Editor/Data/MonoBleedingEdge/lib/mono/unityaot-linux/Facades/System.Net.AuthenticationManager.dll","C:/Program Files/Unity/Hub/Editor/6000.2.2f1/Editor/Data/MonoBleedingEdge/lib/mono/unityaot-linux/Facades/System.Net.Cache.dll","C:/Program Files/Unity/Hub/Editor/6000.2.2f1/Editor/Data/MonoBleedingEdge/lib/mono/unityaot-linux/Facades/System.Net.HttpListener.dll","C:/Program Files/Unity/Hub/Editor/6000.2.2f1/Editor/Data/MonoBleedingEdge/lib/mono/unityaot-linux/Facades/System.Net.Mail.dll","C:/Program Files/Unity/Hub/Editor/6000.2.2f1/Editor/Data/MonoBleedingEdge/lib/mono/unityaot-linux/Facades/System.Net.NameResolution.dll","C:/Program Files/Unity/Hub/Editor/6000.2.2f1/Editor/Data/MonoBleedingEdge/lib/mono/unityaot-linux/Facades/System.Net.NetworkInformation.dll","C:/Program Files/Unity/Hub/Editor/6000.2.2f1/Editor/Data/MonoBleedingEdge/lib/mono/unityaot-linux/Facades/System.Net.Ping.dll","C:/Program Files/Unity/Hub/Editor/6000.2.2f1/Editor/Data/MonoBleedingEdge/lib/mono/unityaot-linux/Facades/System.Net.Primitives.dll","C:/Program Files/Unity/Hub/Editor/6000.2.2f1/Editor/Data/MonoBleedingEdge/lib/mono/unityaot-linux/Facades/System.Net.Requests.dll","C:/Program Files/Unity/Hub/Editor/6000.2.2f1/Editor/Data/MonoBleedingEdge/lib/mono/unityaot-linux/Facades/System.Net.Security.dll","C:/Program Files/Unity/Hub/Editor/6000.2.2f1/Editor/Data/MonoBleedingEdge/lib/mono/unityaot-linux/Facades/System.Net.ServicePoint.dll","C:/Program Files/Unity/Hub/Editor/6000.2.2f1/Editor/Data/MonoBleedingEdge/lib/mono/unityaot-linux/Facades/System.Net.Sockets.dll","C:/Program Files/Unity/Hub/Editor/6000.2.2f1/Editor/Data/MonoBleedingEdge/lib/mono/unityaot-linux/Facades/System.Net.Utilities.dll","C:/Program Files/Unity/Hub/Editor/6000.2.2f1/Editor/Data/MonoBleedingEdge/lib/mono/unityaot-linux/Facades/System.Net.WebHeaderCollection.dll","C:/Program Files/Unity/Hub/Editor/6000.2.2f1/Editor/Data/MonoBleedingEdge/lib/mono/unityaot-linux/Facades/System.Net.WebSockets.Client.dll","C:/Program Files/Unity/Hub/Editor/6000.2.2f1/Editor/Data/MonoBleedingEdge/lib/mono/unityaot-linux/Facades/System.Net.WebSockets.dll","C:/Program Files/Unity/Hub/Editor/6000.2.2f1/Editor/Data/MonoBleedingEdge/lib/mono/unityaot-linux/Facades/System.ObjectModel.dll","C:/Program Files/Unity/Hub/Editor/6000.2.2f1/Editor/Data/MonoBleedingEdge/lib/mono/unityaot-linux/Facades/System.Reflection.DispatchProxy.dll","C:/Program Files/Unity/Hub/Editor/6000.2.2f1/Editor/Data/MonoBleedingEdge/lib/mono/unityaot-linux/Facades/System.Reflection.Emit.ILGeneration.dll","C:/Program Files/Unity/Hub/Editor/6000.2.2f1/Editor/Data/MonoBleedingEdge/lib/mono/unityaot-linux/Facades/System.Reflection.Emit.Lightweight.dll","C:/Program Files/Unity/Hub/Editor/6000.2.2f1/Editor/Data/MonoBleedingEdge/lib/mono/unityaot-linux/Facades/System.Reflection.Emit.dll","C:/Program Files/Unity/Hub/Editor/6000.2.2f1/Editor/Data/MonoBleedingEdge/lib/mono/unityaot-linux/Facades/System.Reflection.Extensions.dll","C:/Program Files/Unity/Hub/Editor/6000.2.2f1/Editor/Data/MonoBleedingEdge/lib/mono/unityaot-linux/Facades/System.Reflection.Primitives.dll","C:/Program Files/Unity/Hub/Editor/6000.2.2f1/Editor/Data/MonoBleedingEdge/lib/mono/unityaot-linux/Facades/System.Reflection.TypeExtensions.dll","C:/Program Files/Unity/Hub/Editor/6000.2.2f1/Editor/Data/MonoBleedingEdge/lib/mono/unityaot-linux/Facades/System.Reflection.dll","C:/Program Files/Unity/Hub/Editor/6000.2.2f1/Editor/Data/MonoBleedingEdge/lib/mono/unityaot-linux/Facades/System.Resources.Reader.dll","C:/Program Files/Unity/Hub/Editor/6000.2.2f1/Editor/Data/MonoBleedingEdge/lib/mono/unityaot-linux/Facades/System.Resources.ReaderWriter.dll","C:/Program Files/Unity/Hub/Editor/6000.2.2f1/Editor/Data/MonoBleedingEdge/lib/mono/unityaot-linux/Facades/System.Resources.ResourceManager.dll","C:/Program Files/Unity/Hub/Editor/6000.2.2f1/Editor/Data/MonoBleedingEdge/lib/mono/unityaot-linux/Facades/System.Resources.Writer.dll","C:/Program Files/Unity/Hub/Editor/6000.2.2f1/Editor/Data/MonoBleedingEdge/lib/mono/unityaot-linux/Facades/System.Runtime.CompilerServices.VisualC.dll","C:/Program Files/Unity/Hub/Editor/6000.2.2f1/Editor/Data/MonoBleedingEdge/lib/mono/unityaot-linux/Facades/System.Runtime.Extensions.dll","C:/Program Files/Unity/Hub/Editor/6000.2.2f1/Editor/Data/MonoBleedingEdge/lib/mono/unityaot-linux/Facades/System.Runtime.Handles.dll","C:/Program Files/Unity/Hub/Editor/6000.2.2f1/Editor/Data/MonoBleedingEdge/lib/mono/unityaot-linux/Facades/System.Runtime.InteropServices.RuntimeInformation.dll","C:/Program Files/Unity/Hub/Editor/6000.2.2f1/Editor/Data/MonoBleedingEdge/lib/mono/unityaot-linux/Facades/System.Runtime.InteropServices.WindowsRuntime.dll","C:/Program Files/Unity/Hub/Editor/6000.2.2f1/Editor/Data/MonoBleedingEdge/lib/mono/unityaot-linux/Facades/System.Runtime.InteropServices.dll","C:/Program Files/Unity/Hub/Editor/6000.2.2f1/Editor/Data/MonoBleedingEdge/lib/mono/unityaot-linux/Facades/System.Runtime.Loader.dll","C:/Program Files/Unity/Hub/Editor/6000.2.2f1/Editor/Data/MonoBleedingEdge/lib/mono/unityaot-linux/Facades/System.Runtime.Numerics.dll","C:/Program Files/Unity/Hub/Editor/6000.2.2f1/Editor/Data/MonoBleedingEdge/lib/mono/unityaot-linux/Facades/System.Runtime.Serialization.Formatters.dll","C:/Program Files/Unity/Hub/Editor/6000.2.2f1/Editor/Data/MonoBleedingEdge/lib/mono/unityaot-linux/Facades/System.Runtime.Serialization.Json.dll","C:/Program Files/Unity/Hub/Editor/6000.2.2f1/Editor/Data/MonoBleedingEdge/lib/mono/unityaot-linux/Facades/System.Runtime.Serialization.Primitives.dll","C:/Program Files/Unity/Hub/Editor/6000.2.2f1/Editor/Data/MonoBleedingEdge/lib/mono/unityaot-linux/Facades/System.Runtime.Serialization.Xml.dll","C:/Program Files/Unity/Hub/Editor/6000.2.2f1/Editor/Data/MonoBleedingEdge/lib/mono/unityaot-linux/Facades/System.Runtime.dll","C:/Program Files/Unity/Hub/Editor/6000.2.2f1/Editor/Data/MonoBleedingEdge/lib/mono/unityaot-linux/Facades/System.Security.AccessControl.dll","C:/Program Files/Unity/Hub/Editor/6000.2.2f1/Editor/Data/MonoBleedingEdge/lib/mono/unityaot-linux/Facades/System.Security.Claims.dll","C:/Program Files/Unity/Hub/Editor/6000.2.2f1/Editor/Data/MonoBleedingEdge/lib/mono/unityaot-linux/Facades/System.Security.Cryptography.Algorithms.dll","C:/Program Files/Unity/Hub/Editor/6000.2.2f1/Editor/Data/MonoBleedingEdge/lib/mono/unityaot-linux/Facades/System.Security.Cryptography.Cng.dll","C:/Program Files/Unity/Hub/Editor/6000.2.2f1/Editor/Data/MonoBleedingEdge/lib/mono/unityaot-linux/Facades/System.Security.Cryptography.Csp.dll","C:/Program Files/Unity/Hub/Editor/6000.2.2f1/Editor/Data/MonoBleedingEdge/lib/mono/unityaot-linux/Facades/System.Security.Cryptography.DeriveBytes.dll","C:/Program Files/Unity/Hub/Editor/6000.2.2f1/Editor/Data/MonoBleedingEdge/lib/mono/unityaot-linux/Facades/System.Security.Cryptography.Encoding.dll","C:/Program Files/Unity/Hub/Editor/6000.2.2f1/Editor/Data/MonoBleedingEdge/lib/mono/unityaot-linux/Facades/System.Security.Cryptography.Encryption.Aes.dll","C:/Program Files/Unity/Hub/Editor/6000.2.2f1/Editor/Data/MonoBleedingEdge/lib/mono/unityaot-linux/Facades/System.Security.Cryptography.Encryption.ECDiffieHellman.dll","C:/Program Files/Unity/Hub/Editor/6000.2.2f1/Editor/Data/MonoBleedingEdge/lib/mono/unityaot-linux/Facades/System.Security.Cryptography.Encryption.ECDsa.dll","C:/Program Files/Unity/Hub/Editor/6000.2.2f1/Editor/Data/MonoBleedingEdge/lib/mono/unityaot-linux/Facades/System.Security.Cryptography.Encryption.dll","C:/Program Files/Unity/Hub/Editor/6000.2.2f1/Editor/Data/MonoBleedingEdge/lib/mono/unityaot-linux/Facades/System.Security.Cryptography.Hashing.Algorithms.dll","C:/Program Files/Unity/Hub/Editor/6000.2.2f1/Editor/Data/MonoBleedingEdge/lib/mono/unityaot-linux/Facades/System.Security.Cryptography.Hashing.dll","C:/Program Files/Unity/Hub/Editor/6000.2.2f1/Editor/Data/MonoBleedingEdge/lib/mono/unityaot-linux/Facades/System.Security.Cryptography.OpenSsl.dll","C:/Program Files/Unity/Hub/Editor/6000.2.2f1/Editor/Data/MonoBleedingEdge/lib/mono/unityaot-linux/Facades/System.Security.Cryptography.Pkcs.dll","C:/Program Files/Unity/Hub/Editor/6000.2.2f1/Editor/Data/MonoBleedingEdge/lib/mono/unityaot-linux/Facades/System.Security.Cryptography.Primitives.dll","C:/Program Files/Unity/Hub/Editor/6000.2.2f1/Editor/Data/MonoBleedingEdge/lib/mono/unityaot-linux/Facades/System.Security.Cryptography.ProtectedData.dll","C:/Program Files/Unity/Hub/Editor/6000.2.2f1/Editor/Data/MonoBleedingEdge/lib/mono/unityaot-linux/Facades/System.Security.Cryptography.RSA.dll","C:/Program Files/Unity/Hub/Editor/6000.2.2f1/Editor/Data/MonoBleedingEdge/lib/mono/unityaot-linux/Facades/System.Security.Cryptography.RandomNumberGenerator.dll","C:/Program Files/Unity/Hub/Editor/6000.2.2f1/Editor/Data/MonoBleedingEdge/lib/mono/unityaot-linux/Facades/System.Security.Cryptography.X509Certificates.dll","C:/Program Files/Unity/Hub/Editor/6000.2.2f1/Editor/Data/MonoBleedingEdge/lib/mono/unityaot-linux/Facades/System.Security.Principal.Windows.dll","C:/Program Files/Unity/Hub/Editor/6000.2.2f1/Editor/Data/MonoBleedingEdge/lib/mono/unityaot-linux/Facades/System.Security.Principal.dll","C:/Program Files/Unity/Hub/Editor/6000.2.2f1/Editor/Data/MonoBleedingEdge/lib/mono/unityaot-linux/Facades/System.Security.SecureString.dll","C:/Program Files/Unity/Hub/Editor/6000.2.2f1/Editor/Data/MonoBleedingEdge/lib/mono/unityaot-linux/Facades/System.ServiceModel.Duplex.dll","C:/Program Files/Unity/Hub/Editor/6000.2.2f1/Editor/Data/MonoBleedingEdge/lib/mono/unityaot-linux/Facades/System.ServiceModel.Http.dll","C:/Program Files/Unity/Hub/Editor/6000.2.2f1/Editor/Data/MonoBleedingEdge/lib/mono/unityaot-linux/Facades/System.ServiceModel.NetTcp.dll","C:/Program Files/Unity/Hub/Editor/6000.2.2f1/Editor/Data/MonoBleedingEdge/lib/mono/unityaot-linux/Facades/System.ServiceModel.Primitives.dll","C:/Program Files/Unity/Hub/Editor/6000.2.2f1/Editor/Data/MonoBleedingEdge/lib/mono/unityaot-linux/Facades/System.ServiceModel.Security.dll","C:/Program Files/Unity/Hub/Editor/6000.2.2f1/Editor/Data/MonoBleedingEdge/lib/mono/unityaot-linux/Facades/System.ServiceProcess.ServiceController.dll","C:/Program Files/Unity/Hub/Editor/6000.2.2f1/Editor/Data/MonoBleedingEdge/lib/mono/unityaot-linux/Facades/System.Text.Encoding.CodePages.dll","C:/Program Files/Unity/Hub/Editor/6000.2.2f1/Editor/Data/MonoBleedingEdge/lib/mono/unityaot-linux/Facades/System.Text.Encoding.Extensions.dll","C:/Program Files/Unity/Hub/Editor/6000.2.2f1/Editor/Data/MonoBleedingEdge/lib/mono/unityaot-linux/Facades/System.Text.Encoding.dll","C:/Program Files/Unity/Hub/Editor/6000.2.2f1/Editor/Data/MonoBleedingEdge/lib/mono/unityaot-linux/Facades/System.Text.RegularExpressions.dll","C:/Program Files/Unity/Hub/Editor/6000.2.2f1/Editor/Data/MonoBleedingEdge/lib/mono/unityaot-linux/Facades/System.Threading.AccessControl.dll","C:/Program Files/Unity/Hub/Editor/6000.2.2f1/Editor/Data/MonoBleedingEdge/lib/mono/unityaot-linux/Facades/System.Threading.Overlapped.dll","C:/Program Files/Unity/Hub/Editor/6000.2.2f1/Editor/Data/MonoBleedingEdge/lib/mono/unityaot-linux/Facades/System.Threading.Tasks.Extensions.dll","C:/Program Files/Unity/Hub/Editor/6000.2.2f1/Editor/Data/MonoBleedingEdge/lib/mono/unityaot-linux/Facades/System.Threading.Tasks.Parallel.dll","C:/Program Files/Unity/Hub/Editor/6000.2.2f1/Editor/Data/MonoBleedingEdge/lib/mono/unityaot-linux/Facades/System.Threading.Tasks.dll","C:/Program Files/Unity/Hub/Editor/6000.2.2f1/Editor/Data/MonoBleedingEdge/lib/mono/unityaot-linux/Facades/System.Threading.Thread.dll","C:/Program Files/Unity/Hub/Editor/6000.2.2f1/Editor/Data/MonoBleedingEdge/lib/mono/unityaot-linux/Facades/System.Threading.ThreadPool.dll","C:/Program Files/Unity/Hub/Editor/6000.2.2f1/Editor/Data/MonoBleedingEdge/lib/mono/unityaot-linux/Facades/System.Threading.Timer.dll","C:/Program Files/Unity/Hub/Editor/6000.2.2f1/Editor/Data/MonoBleedingEdge/lib/mono/unityaot-linux/Facades/System.Threading.dll","C:/Program Files/Unity/Hub/Editor/6000.2.2f1/Editor/Data/MonoBleedingEdge/lib/mono/unityaot-linux/Facades/System.ValueTuple.dll","C:/Program Files/Unity/Hub/Editor/6000.2.2f1/Editor/Data/MonoBleedingEdge/lib/mono/unityaot-linux/Facades/System.Xml.ReaderWriter.dll","C:/Program Files/Unity/Hub/Editor/6000.2.2f1/Editor/Data/MonoBleedingEdge/lib/mono/unityaot-linux/Facades/System.Xml.XDocument.dll","C:/Program Files/Unity/Hub/Editor/6000.2.2f1/Editor/Data/MonoBleedingEdge/lib/mono/unityaot-linux/Facades/System.Xml.XPath.XDocument.dll","C:/Program Files/Unity/Hub/Editor/6000.2.2f1/Editor/Data/MonoBleedingEdge/lib/mono/unityaot-linux/Facades/System.Xml.XPath.XmlDocument.dll","C:/Program Files/Unity/Hub/Editor/6000.2.2f1/Editor/Data/MonoBleedingEdge/lib/mono/unityaot-linux/Facades/System.Xml.XPath.dll","C:/Program Files/Unity/Hub/Editor/6000.2.2f1/Editor/Data/MonoBleedingEdge/lib/mono/unityaot-linux/Facades/System.Xml.XmlDocument.dll","C:/Program Files/Unity/Hub/Editor/6000.2.2f1/Editor/Data/MonoBleedingEdge/lib/mono/unityaot-linux/Facades/System.Xml.XmlSerializer.dll","C:/Program Files/Unity/Hub/Editor/6000.2.2f1/Editor/Data/MonoBleedingEdge/lib/mono/unityaot-linux/Facades/System.Xml.Xsl.Primitives.dll","C:/Program Files/Unity/Hub/Editor/6000.2.2f1/Editor/Data/MonoBleedingEdge/lib/mono/unityaot-linux/Facades/netstandard.dll","C:/Program Files/Unity/Hub/Editor/6000.2.2f1/Editor/Data/MonoBleedingEdge/lib/mono/unityaot-linux/I18N.CJK.dll","C:/Program Files/Unity/Hub/Editor/6000.2.2f1/Editor/Data/MonoBleedingEdge/lib/mono/unityaot-linux/I18N.MidEast.dll","C:/Program Files/Unity/Hub/Editor/6000.2.2f1/Editor/Data/MonoBleedingEdge/lib/mono/unityaot-linux/I18N.Other.dll","C:/Program Files/Unity/Hub/Editor/6000.2.2f1/Editor/Data/MonoBleedingEdge/lib/mono/unityaot-linux/I18N.Rare.dll","C:/Program Files/Unity/Hub/Editor/6000.2.2f1/Editor/Data/MonoBleedingEdge/lib/mono/unityaot-linux/I18N.West.dll","C:/Program Files/Unity/Hub/Editor/6000.2.2f1/Editor/Data/MonoBleedingEdge/lib/mono/unityaot-linux/I18N.dll","C:/Program Files/Unity/Hub/Editor/6000.2.2f1/Editor/Data/MonoBleedingEdge/lib/mono/unityaot-linux/Microsoft.CSharp.dll","C:/Program Files/Unity/Hub/Editor/6000.2.2f1/Editor/Data/MonoBleedingEdge/lib/mono/unityaot-linux/Mono.Data.Sqlite.dll","C:/Program Files/Unity/Hub/Editor/6000.2.2f1/Editor/Data/MonoBleedingEdge/lib/mono/unityaot-linux/Mono.Data.Tds.dll","C:/Program Files/Unity/Hub/Editor/6000.2.2f1/Editor/Data/MonoBleedingEdge/lib/mono/unityaot-linux/Mono.Security.dll","C:/Program Files/Unity/Hub/Editor/6000.2.2f1/Editor/Data/MonoBleedingEdge/lib/mono/unityaot-linux/System.ComponentModel.Composition.dll","C:/Program Files/Unity/Hub/Editor/6000.2.2f1/Editor/Data/MonoBleedingEdge/lib/mono/unityaot-linux/System.ComponentModel.DataAnnotations.dll","C:/Program Files/Unity/Hub/Editor/6000.2.2f1/Editor/Data/MonoBleedingEdge/lib/mono/unityaot-linux/System.Configuration.Install.dll","C:/Program Files/Unity/Hub/Editor/6000.2.2f1/Editor/Data/MonoBleedingEdge/lib/mono/unityaot-linux/System.Configuration.dll","C:/Program Files/Unity/Hub/Editor/6000.2.2f1/Editor/Data/MonoBleedingEdge/lib/mono/unityaot-linux/System.Core.dll","C:/Program Files/Unity/Hub/Editor/6000.2.2f1/Editor/Data/MonoBleedingEdge/lib/mono/unityaot-linux/System.Data.DataSetExtensions.dll","C:/Program Files/Unity/Hub/Editor/6000.2.2f1/Editor/Data/MonoBleedingEdge/lib/mono/unityaot-linux/System.Data.Entity.dll","C:/Program Files/Unity/Hub/Editor/6000.2.2f1/Editor/Data/MonoBleedingEdge/lib/mono/unityaot-linux/System.Data.Linq.dll","C:/Program Files/Unity/Hub/Editor/6000.2.2f1/Editor/Data/MonoBleedingEdge/lib/mono/unityaot-linux/System.Data.OracleClient.dll","C:/Program Files/Unity/Hub/Editor/6000.2.2f1/Editor/Data/MonoBleedingEdge/lib/mono/unityaot-linux/System.Data.Services.Client.dll","C:/Program Files/Unity/Hub/Editor/6000.2.2f1/Editor/Data/MonoBleedingEdge/lib/mono/unityaot-linux/System.Data.Services.dll","C:/Program Files/Unity/Hub/Editor/6000.2.2f1/Editor/Data/MonoBleedingEdge/lib/mono/unityaot-linux/System.Data.dll","C:/Program Files/Unity/Hub/Editor/6000.2.2f1/Editor/Data/MonoBleedingEdge/lib/mono/unityaot-linux/System.Design.dll","C:/Program Files/Unity/Hub/Editor/6000.2.2f1/Editor/Data/MonoBleedingEdge/lib/mono/unityaot-linux/System.DirectoryServices.Protocols.dll","C:/Program Files/Unity/Hub/Editor/6000.2.2f1/Editor/Data/MonoBleedingEdge/lib/mono/unityaot-linux/System.DirectoryServices.dll","C:/Program Files/Unity/Hub/Editor/6000.2.2f1/Editor/Data/MonoBleedingEdge/lib/mono/unityaot-linux/System.Drawing.Design.dll","C:/Program Files/Unity/Hub/Editor/6000.2.2f1/Editor/Data/MonoBleedingEdge/lib/mono/unityaot-linux/System.Drawing.dll","C:/Program Files/Unity/Hub/Editor/6000.2.2f1/Editor/Data/MonoBleedingEdge/lib/mono/unityaot-linux/System.EnterpriseServices.dll","C:/Program Files/Unity/Hub/Editor/6000.2.2f1/Editor/Data/MonoBleedingEdge/lib/mono/unityaot-linux/System.IO.Compression.FileSystem.dll","C:/Program Files/Unity/Hub/Editor/6000.2.2f1/Editor/Data/MonoBleedingEdge/lib/mono/unityaot-linux/System.IO.Compression.dll","C:/Program Files/Unity/Hub/Editor/6000.2.2f1/Editor/Data/MonoBleedingEdge/lib/mono/unityaot-linux/System.IdentityModel.Selectors.dll","C:/Program Files/Unity/Hub/Editor/6000.2.2f1/Editor/Data/MonoBleedingEdge/lib/mono/unityaot-linux/System.IdentityModel.dll","C:/Program Files/Unity/Hub/Editor/6000.2.2f1/Editor/Data/MonoBleedingEdge/lib/mono/unityaot-linux/System.Json.dll","C:/Program Files/Unity/Hub/Editor/6000.2.2f1/Editor/Data/MonoBleedingEdge/lib/mono/unityaot-linux/System.Management.dll","C:/Program Files/Unity/Hub/Editor/6000.2.2f1/Editor/Data/MonoBleedingEdge/lib/mono/unityaot-linux/System.Messaging.dll","C:/Program Files/Unity/Hub/Editor/6000.2.2f1/Editor/Data/MonoBleedingEdge/lib/mono/unityaot-linux/System.Net.Http.WebRequest.dll","C:/Program Files/Unity/Hub/Editor/6000.2.2f1/Editor/Data/MonoBleedingEdge/lib/mono/unityaot-linux/System.Net.Http.dll","C:/Program Files/Unity/Hub/Editor/6000.2.2f1/Editor/Data/MonoBleedingEdge/lib/mono/unityaot-linux/System.Net.dll","C:/Program Files/Unity/Hub/Editor/6000.2.2f1/Editor/Data/MonoBleedingEdge/lib/mono/unityaot-linux/System.Numerics.Vectors.dll","C:/Program Files/Unity/Hub/Editor/6000.2.2f1/Editor/Data/MonoBleedingEdge/lib/mono/unityaot-linux/System.Numerics.dll","C:/Program Files/Unity/Hub/Editor/6000.2.2f1/Editor/Data/MonoBleedingEdge/lib/mono/unityaot-linux/System.Reflection.Context.dll","C:/Program Files/Unity/Hub/Editor/6000.2.2f1/Editor/Data/MonoBleedingEdge/lib/mono/unityaot-linux/System.Runtime.Caching.dll","C:/Program Files/Unity/Hub/Editor/6000.2.2f1/Editor/Data/MonoBleedingEdge/lib/mono/unityaot-linux/System.Runtime.DurableInstancing.dll","C:/Program Files/Unity/Hub/Editor/6000.2.2f1/Editor/Data/MonoBleedingEdge/lib/mono/unityaot-linux/System.Runtime.Remoting.dll","C:/Program Files/Unity/Hub/Editor/6000.2.2f1/Editor/Data/MonoBleedingEdge/lib/mono/unityaot-linux/System.Runtime.Serialization.Formatters.Soap.dll","C:/Program Files/Unity/Hub/Editor/6000.2.2f1/Editor/Data/MonoBleedingEdge/lib/mono/unityaot-linux/System.Runtime.Serialization.dll","C:/Program Files/Unity/Hub/Editor/6000.2.2f1/Editor/Data/MonoBleedingEdge/lib/mono/unityaot-linux/System.Security.dll","C:/Program Files/Unity/Hub/Editor/6000.2.2f1/Editor/Data/MonoBleedingEdge/lib/mono/unityaot-linux/System.ServiceModel.Activation.dll","C:/Program Files/Unity/Hub/Editor/6000.2.2f1/Editor/Data/MonoBleedingEdge/lib/mono/unityaot-linux/System.ServiceModel.Discovery.dll","C:/Program Files/Unity/Hub/Editor/6000.2.2f1/Editor/Data/MonoBleedingEdge/lib/mono/unityaot-linux/System.ServiceModel.Internals.dll","C:/Program Files/Unity/Hub/Editor/6000.2.2f1/Editor/Data/MonoBleedingEdge/lib/mono/unityaot-linux/System.ServiceModel.Routing.dll","C:/Program Files/Unity/Hub/Editor/6000.2.2f1/Editor/Data/MonoBleedingEdge/lib/mono/unityaot-linux/System.ServiceModel.Web.dll","C:/Program Files/Unity/Hub/Editor/6000.2.2f1/Editor/Data/MonoBleedingEdge/lib/mono/unityaot-linux/System.ServiceModel.dll","C:/Program Files/Unity/Hub/Editor/6000.2.2f1/Editor/Data/MonoBleedingEdge/lib/mono/unityaot-linux/System.ServiceProcess.dll","C:/Program Files/Unity/Hub/Editor/6000.2.2f1/Editor/Data/MonoBleedingEdge/lib/mono/unityaot-linux/System.Transactions.dll","C:/Program Files/Unity/Hub/Editor/6000.2.2f1/Editor/Data/MonoBleedingEdge/lib/mono/unityaot-linux/System.Web.ApplicationServices.dll","C:/Program Files/Unity/Hub/Editor/6000.2.2f1/Editor/Data/MonoBleedingEdge/lib/mono/unityaot-linux/System.Web.DynamicData.dll","C:/Program Files/Unity/Hub/Editor/6000.2.2f1/Editor/Data/MonoBleedingEdge/lib/mono/unityaot-linux/System.Web.Extensions.Design.dll","C:/Program Files/Unity/Hub/Editor/6000.2.2f1/Editor/Data/MonoBleedingEdge/lib/mono/unityaot-linux/System.Web.Extensions.dll","C:/Program Files/Unity/Hub/Editor/6000.2.2f1/Editor/Data/MonoBleedingEdge/lib/mono/unityaot-linux/System.Web.RegularExpressions.dll","C:/Program Files/Unity/Hub/Editor/6000.2.2f1/Editor/Data/MonoBleedingEdge/lib/mono/unityaot-linux/System.Web.Services.dll","C:/Program Files/Unity/Hub/Editor/6000.2.2f1/Editor/Data/MonoBleedingEdge/lib/mono/unityaot-linux/System.Web.dll","C:/Program Files/Unity/Hub/Editor/6000.2.2f1/Editor/Data/MonoBleedingEdge/lib/mono/unityaot-linux/System.Windows.Forms.DataVisualization.dll","C:/Program Files/Unity/Hub/Editor/6000.2.2f1/Editor/Data/MonoBleedingEdge/lib/mono/unityaot-linux/System.Windows.Forms.dll","C:/Program Files/Unity/Hub/Editor/6000.2.2f1/Editor/Data/MonoBleedingEdge/lib/mono/unityaot-linux/System.Windows.dll","C:/Program Files/Unity/Hub/Editor/6000.2.2f1/Editor/Data/MonoBleedingEdge/lib/mono/unityaot-linux/System.Xaml.dll","C:/Program Files/Unity/Hub/Editor/6000.2.2f1/Editor/Data/MonoBleedingEdge/lib/mono/unityaot-linux/System.Xml.Linq.dll","C:/Program Files/Unity/Hub/Editor/6000.2.2f1/Editor/Data/MonoBleedingEdge/lib/mono/unityaot-linux/System.Xml.Serialization.dll","C:/Program Files/Unity/Hub/Editor/6000.2.2f1/Editor/Data/MonoBleedingEdge/lib/mono/unityaot-linux/System.Xml.dll","C:/Program Files/Unity/Hub/Editor/6000.2.2f1/Editor/Data/MonoBleedingEdge/lib/mono/unityaot-linux/System.dll","C:/Program Files/Unity/Hub/Editor/6000.2.2f1/Editor/Data/MonoBleedingEdge/lib/mono/unityaot-linux/mscorlib.dll"],"StreamingAssetsFiles":[]},"PlayerBuildProgramLibrary.Data.PluginsData":{"Plugins":[]},"PlayerBuildProgramLibrary.Data.LinkerConfig":{"LinkXmlFiles":["C:/GnomesWell1/Library/Bee/artifacts/UnityLinkerInputs/MethodsToPreserve.xml","C:/GnomesWell1/Library/Bee/artifacts/UnityLinkerInputs/TypesInScenes.xml","C:/GnomesWell1/Library/Bee/artifacts/UnityLinkerInputs/SerializedTypes.xml","C:/GnomesWell1/Library/InputSystem/AndroidLink.xml"],"AssembliesToProcess":["Assembly-CSharp.dll","Unity.2D.Animation.Runtime.dll","Unity.InputSystem.dll","Unity.RenderPipelines.Core.Runtime.dll","Unity.RenderPipelines.Universal.2D.Runtime.dll","Unity.RenderPipelines.Universal.Runtime.dll","Unity.TextMeshPro.dll","UnityEngine.UI.dll"],"EditorToLinkerData":"C:/GnomesWell1/Library/Bee/artifacts/UnityLinkerInputs/EditorToUnityLinkerData.json","Runtime":"il2cpp","Profile":"unityaot-linux","Ruleset":"Minimal","ModulesAssetPath":"C:/Program Files/Unity/Hub/Editor/6000.2.2f1/Editor/Data/PlaybackEngines/AndroidPlayer/modules.asset","AdditionalArgs":[],"AllowDebugging":false,"PerformEngineStripping":true},"PlayerBuildProgramLibrary.Data.Il2CppConfig":{"EnableDeepProfilingSupport":false,"EnableFullGenericSharing":false,"Profile":"unityaot-linux","IDEProjectDefines":["ALL_INTERIOR_POINTERS=1","GC_GCJ_SUPPORT=1","JAVA_FINALIZATION=1","NO_EXECUTE_PERMISSION=1","GC_NO_THREADS_DISCOVERY=1","IGNORE_DYNAMIC_LOADING=1","GC_DONT_REGISTER_MAIN_STATIC_DATA=1","GC_VERSION_MAJOR=7","GC_VERSION_MINOR=7","GC_VERSION_MICRO=0","GC_THREADS=1","USE_MMAP=1","USE_MUNMAP=1","NET_4_0=1","UNITY_AOT=1","NET_STANDARD_2_0=1","NET_UNITY_4_8=1","NET_STANDARD=1","IL2CPP_ENABLE_WRITE_BARRIERS=1","IL2CPP_INCREMENTAL_TIME_SLICE=3"],"ConfigurationName":"Release","GcWBarrierValidation":false,"GcIncremental":true,"AdditionalCppFiles":[],"AdditionalArgs":["--emit-source-mapping"],"AdditionalLibraries":[],"AdditionalDefines":[],"AdditionalIncludeDirectories":[],"AdditionalLinkDirectories":[],"CreateSymbolFiles":true,"AllowDebugging":false,"RelativeDataPath":"Data","GenerateUsymFile":false,"UsymtoolPath":"C:/Program Files/Unity/Hub/Editor/6000.2.2f1/Editor/Data\\Tools\\usymtool.exe"},"AndroidPlayerBuildProgram.Data.AndroidPlayerBuildConfiguration":{"GradleProjectCreateInfo":{"EnvironmentVariableInputs":["UNITY_THISISABUILDMACHINE:"],"HostPlatform":"Windows","ApplicationType":"APK","BuildType":"Release","AndroidSDKPath":"C:\\Program Files\\Unity\\Hub\\Editor\\6000.2.2f1\\Editor\\Data\\PlaybackEngines\\AndroidPlayer\\SDK","AndroidNDKPath":"C:/Program Files/Unity/Hub/Editor/6000.2.2f1/Editor/Data/PlaybackEngines/AndroidPlayer/NDK","AndroidJavaPath":"C:\\Program Files\\Unity\\Hub\\Editor\\6000.2.2f1\\Editor\\Data\\PlaybackEngines\\AndroidPlayer\\OpenJDK","PreferredHeapSizeForJVM":4096,"GradleVersion":"8.11","ProjectFiles":{"UnityLibraryBuildGradle":{"RelativeDestinationPath":"unityLibrary/build.gradle","CanBeModifiedByUser":true},"LauncherBuildGradle":{"RelativeDestinationPath":"launcher/build.gradle","CanBeModifiedByUser":true},"LauncherSetupUnitySymbolsGradle":{"SourcePath":"C:/Program Files/Unity/Hub/Editor/6000.2.2f1/Editor/Data/PlaybackEngines/AndroidPlayer\\Tools\\GradleTemplates\\launcher/setupSymbols.gradle","RelativeDestinationPath":"launcher/setupSymbols.gradle","CanBeModifiedByUser":false},"SharedKeepUnitySymbolsGradle":{"SourcePath":"C:/Program Files/Unity/Hub/Editor/6000.2.2f1/Editor/Data/PlaybackEngines/AndroidPlayer\\Tools\\GradleTemplates\\shared/keepUnitySymbols.gradle","RelativeDestinationPath":"shared/keepUnitySymbols.gradle","CanBeModifiedByUser":false},"SharedCommonGradle":{"SourcePath":"C:/Program Files/Unity/Hub/Editor/6000.2.2f1/Editor/Data/PlaybackEngines/AndroidPlayer\\Tools\\GradleTemplates\\shared/common.gradle","RelativeDestinationPath":"shared/common.gradle","CanBeModifiedByUser":false},"ProjectLevelBuildGradle":{"RelativeDestinationPath":"build.gradle","CanBeModifiedByUser":true},"GradleProperties":{"RelativeDestinationPath":"gradle.properties","CanBeModifiedByUser":true},"UnityProguard":{"SourcePath":"C:/Program Files/Unity/Hub/Editor/6000.2.2f1/Editor/Data/PlaybackEngines/AndroidPlayer\\Tools\\UnityProGuardTemplate.txt","RelativeDestinationPath":"unityLibrary/proguard-unity.txt","CanBeModifiedByUser":true},"ProguardUser":{"RelativeDestinationPath":"unityLibrary/proguard-user.txt","CanBeModifiedByUser":true},"GradleSettings":{"RelativeDestinationPath":"settings.gradle","CanBeModifiedByUser":true},"LocalProperties":{"RelativeDestinationPath":"local.properties","CanBeModifiedByUser":true}},"AdditionalUserInputs":[],"AdditionalUserOutputs":{"AdditionalManifests":[],"AdditionalBuildGradleFiles":[],"AdditionalGradleSettings":[],"AdditionalGradleProperties":[],"AdditionalFilesWithContents":[]},"UserCopyData":{"FilesToCopy":[],"DirectoriesToCopy":[]},"AdditionalUserData":[],"BuildTools":"34.0.0","TargetSDKVersion":36,"MinSDKVersion":23,"PackageName":"com.JordanRonieMikeGroup.GnomesWell","Architectures":"ARM64","BuildApkPerCpuArchitecture":false,"DebugSymbols":{"Level":"None","Format":"5"},"VersionCode":1,"VersionName":"1.0","Minify":1,"NoCompressOptions":{"RelativeFilePaths":[],"FileExtensions":[]},"UseCustomKeystore":false,"KeystorePath":"","KeystoreName":"","KeystorePassword":"","KeystoreAliasName":"","KeystoreAliasPassword":"","ScriptingImplementation":"IL2CPP","AndroidLibraries":[],"AARFiles":[],"BuiltinJavaSourcePaths":["com/unity3d/player/UnityPlayerGameActivity.java"],"JavaSourcePaths":[],"KotlinSourcePaths":[],"PlayerPackage":"C:/Program Files/Unity/Hub/Editor/6000.2.2f1/Editor/Data/PlaybackEngines/AndroidPlayer","PlayerPackageTools":"C:/Program Files/Unity/Hub/Editor/6000.2.2f1/Editor/Data/PlaybackEngines/AndroidPlayer\\Tools","SymlinkSources":false,"InstallIntoBuildsFolder":false,"UnityPath":"","UnityProjectPath":"C:/GnomesWell1","OverrideCMakeIntermdiateDirectory":true,"Dependencies":[],"ApplicationEntry":"GameActivity","JarFiles":["classes.jar"],"UseOptimizedFramePacing":true,"ReportGooglePlayAppDependencies":false,"UnityVersion":"6000.2.2f1"},"Architectures":"ARM64","BuildType":"Release","LinkTimeOptimization":"None","BuildSystem":"Gradle","ScriptingImplementation":"IL2CPP","DebugSymbol":{"Level":"None","Format":"5"},"ApplicationSplitMode":"Disabled","TargetTextureCompression":false,"GradleResourcesInformation":{"TargetSDKVersion":36,"RoundIconsAvailable":false,"RoundIconsSupported":true,"AdaptiveIconsSupported":true,"AdaptiveIconsAvailable":false},"PreloadedJavaClasses":[],"PatchPackage":false,"ArchitectureExtensions":"None","ApplicationEntry":"GameActivity","BuildFingerPrintContents":"6000.2.2f1;IL2CPP;Release;StripEngineCode:1;OptimizedFramePacing:1;AppEntry:2;LTO:0","UserSymbols":[],"ConfigurationManagerAssemblies":[],"PostGenerateGradleCallbackUsed":false,"TrackedFeatures":["UnityEngine.Android.AndroidGame::SetGameState","UnityEngine.Android.AndroidGame::get_GameMode","UnityEngine.Android.DiagnosticsReporting::CallReportFullyDrawn","UnityEngine.Android.ApplicationExitInfoProvider::GetHistoricalProcessExitInfo"],"ApplicationName":"Gnomes Well","StaticSplashScreenBackgroundColor":"231F20","APIRequiringInternetPermission":["UnityEngine.Networking","System.Net.Sockets","System.Net.WebRequest","UnityEngine.Ping","UnityEngine.Networking.UnityWebRequest"]},"AndroidPlayerBuildProgram.Data.AndroidManifestConfiguration":{"TargetSDKVersion":36,"LauncherManifestTemplatePath":"C:/Program Files/Unity/Hub/Editor/6000.2.2f1/Editor/Data/PlaybackEngines/AndroidPlayer\\Apk\\LauncherManifest.xml","LauncherManifestTemplateUsed":false,"LibraryManifestTemplatePath":"C:/Program Files/Unity/Hub/Editor/6000.2.2f1/Editor/Data/PlaybackEngines/AndroidPlayer\\Apk\\UnityManifest.xml","LibraryManifestCustomTemplateUsed":false,"LauncherManifestPath":"launcher\\src\\main\\AndroidManifest.xml","LibraryManifestPath":"unityLibrary\\src\\main\\AndroidManifest.xml","TVCompatibility":false,"AppCategory":"game","BannerEnabled":true,"PreferredInstallLocation":"PreferExternal","TextureSupport":"Generic","GamepadSupportLevel":"SupportsDPad","SupportedAspectRatioMode":1,"MaxAspectRatio":2.4,"MinAspectRatio":1,"ForceInternetPermission":false,"UseLowAccuracyLocation":false,"ForceSDCardPermission":false,"PreserveFramebufferAlpha":false,"DefaultInterfaceOrientation":"AutoRotation","AllowedAutorotateToPortrait":true,"AllowedAutorotateToPortraitUpsideDown":true,"AllowedAutorotateToLandscapeLeft":true,"AllowedAutorotateToLandscapeRight":true,"SplashScreenScale":"Center","RenderOutsideSafeArea":true,"GraphicsDevices":["Vulkan","OpenGLES3"],"OpenGLRequireES31":false,"OpenGLRequireES31AEP":false,"OpenGLRequireES32":false,"StartInFullscreen":true,"DefaultWindowWidth":1920,"DefaultWindowHeight":1080,"MinimumWindowWidth":400,"MinimumWindowHeight":300,"ResizeableActivity":true,"FullScreenMode":"FullScreenWindow","AutoRotationBehavior":"User","StripEngineCode":true,"ApplicationEntry":"GameActivity","JavaFileNames":["UnityPlayerGameActivity.java"],"EnableOnBackInvokedCallback":false},"AndroidPlayerBuildProgram.Data.AndroidSharedLibraryConfiguration":{"ClangPath":"C:/Program Files/Unity/Hub/Editor/6000.2.2f1/Editor/Data/PlaybackEngines/AndroidPlayer/NDK/toolchains/llvm/prebuilt/windows-x86_64/bin/clang++.exe","ABITools":[{"Architecture":"ARM64","ObjCopyPath":"C:/Program Files/Unity/Hub/Editor/6000.2.2f1/Editor/Data/PlaybackEngines/AndroidPlayer/NDK/toolchains/llvm/prebuilt/windows-x86_64/bin/llvm-objcopy.exe","StripPath":"C:/Program Files/Unity/Hub/Editor/6000.2.2f1/Editor/Data/PlaybackEngines/AndroidPlayer/NDK/toolchains/llvm/prebuilt/windows-x86_64/bin/llvm-strip.exe"}]}}